{
  "source_file": "0000_source.png",
  "tx": -6.532522703250622,
  "ty": 2.2155975248705104,
  "theta_deg": 2.250134957824594,
  "scale": 1.0204923710739937
}