{
  "source_file": "0001_source.png",
  "tx": 0.24237301222862584,
  "ty": -4.311520193304035,
  "theta_deg": 7.549149078570558,
  "scale": 0.9853071081723513
}