{
  "source_file": "0002_source.png",
  "tx": -0.834113500425218,
  "ty": 2.6375886346109283,
  "theta_deg": 0.32248596334899027,
  "scale": 1.0456468348566534
}