{
  "source_file": "0003_source.png",
  "tx": 9.094353548762442,
  "ty": 8.595197012188528,
  "theta_deg": 8.681526993305162,
  "scale": 1.0080960135568695
}