{
  "source_file": "0004_source.png",
  "tx": -0.1959587253999402,
  "ty": 4.082336347647377,
  "theta_deg": -5.69160814029064,
  "scale": 0.9765872039215528
}