{
  "source_file": "0005_source.png",
  "tx": -9.123854927338167,
  "ty": -6.7428491488393805,
  "theta_deg": -9.922509001223789,
  "scale": 1.0154627576523498
}