{
  "source_file": "0006_source.png",
  "tx": -7.191860219286362,
  "ty": 5.7335869115210425,
  "theta_deg": 3.6100799176345006,
  "scale": 1.0470675793354496
}