{
  "source_file": "0007_source.png",
  "tx": -2.0697102609621743,
  "ty": 8.427838269021056,
  "theta_deg": -0.925916553609337,
  "scale": 0.9839503739836207
}