{
  "source_file": "0008_source.png",
  "tx": -7.953222601658925,
  "ty": 7.6566437014371935,
  "theta_deg": 5.895803171251737,
  "scale": 0.982292897653506
}