{
  "source_file": "0009_source.png",
  "tx": -0.8851123014874211,
  "ty": -3.497130683735035,
  "theta_deg": -9.423417669238106,
  "scale": 0.9544352525399117
}