{
  "source_file": "0010_source.png",
  "tx": -2.6259174823588216,
  "ty": -5.808173437424326,
  "theta_deg": 0.4902920642118467,
  "scale": 0.9687785035649619
}