{
  "source_file": "0011_source.png",
  "tx": -5.967568270671806,
  "ty": 3.453357626352606,
  "theta_deg": 4.712053135234317,
  "scale": 0.9812232095874105
}