{
  "source_file": "0012_source.png",
  "tx": 7.199887988667452,
  "ty": -4.907216506885788,
  "theta_deg": -3.121192474368857,
  "scale": 1.021248039036961
}