{
  "source_file": "0013_source.png",
  "tx": -9.109941973415808,
  "ty": 8.68366920232382,
  "theta_deg": -8.553245364247493,
  "scale": 0.9960931058938061
}