{
  "source_file": "0014_source.png",
  "tx": 4.492096519201784,
  "ty": -9.050629300304038,
  "theta_deg": 6.180053712743547,
  "scale": 1.0478893343311415
}