{
  "source_file": "0015_source.png",
  "tx": -0.7897665440874402,
  "ty": -7.637527274248638,
  "theta_deg": -8.3704600868904,
  "scale": 0.9598730436163135
}