{
  "source_file": "0016_source.png",
  "tx": 5.308827482729505,
  "ty": -1.719743030629628,
  "theta_deg": 8.384683163980622,
  "scale": 0.9940639776086484
}