{
  "source_file": "0017_source.png",
  "tx": -8.457133797107838,
  "ty": -1.4612882496399866,
  "theta_deg": 5.096557868511129,
  "scale": 1.0329338426846795
}