{
  "source_file": "0018_source.png",
  "tx": -9.212966269416164,
  "ty": -6.392212174873324,
  "theta_deg": -0.19973095952711972,
  "scale": 0.9628085477951608
}