{
  "source_file": "0019_source.png",
  "tx": 7.421852838843467,
  "ty": 8.689217768922976,
  "theta_deg": -3.608060032923648,
  "scale": 0.993484368255202
}