{
  "source_file": "0020_source.png",
  "tx": 1.141081288401132,
  "ty": -4.289884178328219,
  "theta_deg": 0.8215139491912282,
  "scale": 0.9701185045473784
}