{
  "source_file": "0021_source.png",
  "tx": -4.067174974461743,
  "ty": -1.1643273362464512,
  "theta_deg": 2.0933980438228605,
  "scale": 1.0036165026086243
}