{
  "source_file": "0022_source.png",
  "tx": -4.78024046532121,
  "ty": -5.364242491638896,
  "theta_deg": -7.625395265985779,
  "scale": 1.0283493635892174
}