{
  "source_file": "0023_source.png",
  "tx": -8.02198467067239,
  "ty": 4.657700123587212,
  "theta_deg": -5.024526086738006,
  "scale": 0.9784556984005782
}