{
  "source_file": "0024_source.png",
  "tx": 4.721668660215988,
  "ty": 3.192415834432726,
  "theta_deg": 4.838431110311166,
  "scale": 1.0015283058794362
}