{
  "source_file": "0025_source.png",
  "tx": 7.181916393305414,
  "ty": -7.564122172490569,
  "theta_deg": 2.9039392281301026,
  "scale": 0.9618244312488655
}