{
  "source_file": "0026_source.png",
  "tx": 4.745667362908563,
  "ty": -2.821906770830946,
  "theta_deg": 3.4976420874222,
  "scale": 1.0203483913441282
}