{
  "source_file": "0027_source.png",
  "tx": 3.2121691528211667,
  "ty": -5.5688403934434705,
  "theta_deg": 6.635997727747075,
  "scale": 0.9740136087423468
}