{
  "source_file": "0028_source.png",
  "tx": 0.36306594424224414,
  "ty": 3.4929150830670253,
  "theta_deg": -5.327936504304869,
  "scale": 1.012851172298394
}