{
  "source_file": "0029_source.png",
  "tx": -4.263379040053428,
  "ty": -6.572352478312262,
  "theta_deg": 6.194976570531541,
  "scale": 1.005312277007736
}