{
  "source_file": "0030_source.png",
  "tx": -3.4423058678228795,
  "ty": 1.708618944110798,
  "theta_deg": -9.494272051454233,
  "scale": 0.9629822856760327
}