{
  "source_file": "0031_source.png",
  "tx": -2.0883829660351383,
  "ty": 9.515131589288245,
  "theta_deg": 0.2094903575224638,
  "scale": 0.9576456205066894
}