{
  "source_file": "0032_source.png",
  "tx": 5.300812304989133,
  "ty": 5.628877418506304,
  "theta_deg": 5.496043487897124,
  "scale": 1.0069498038047955
}