{
  "source_file": "0033_source.png",
  "tx": 3.913974757389253,
  "ty": -5.730841273767373,
  "theta_deg": 4.651211817879766,
  "scale": 1.0316173987341595
}