{
  "source_file": "0034_source.png",
  "tx": 5.199330804438384,
  "ty": -2.9307519482822597,
  "theta_deg": 1.8205610115141724,
  "scale": 1.012898935748984
}