{
  "source_file": "0035_source.png",
  "tx": 8.016197073141676,
  "ty": -7.839722094533331,
  "theta_deg": 6.678675417008169,
  "scale": 1.002643555846904
}