{
  "source_file": "0036_source.png",
  "tx": -2.827717588961254,
  "ty": -0.8879419701249525,
  "theta_deg": -9.747290021385224,
  "scale": 0.9720073592331427
}