{
  "source_file": "0037_source.png",
  "tx": 3.055268401360099,
  "ty": 3.2169855950889783,
  "theta_deg": -0.1060211942737368,
  "scale": 1.045332588059732
}