{
  "source_file": "0038_source.png",
  "tx": -0.38169822901057593,
  "ty": -3.7211268090867904,
  "theta_deg": 6.955616783912827,
  "scale": 0.9759158299397261
}