{
  "source_file": "0039_source.png",
  "tx": 2.08611986068699,
  "ty": 4.068377046445999,
  "theta_deg": 6.433925973835684,
  "scale": 1.0285368750182748
}