{
  "source_file": "0040_source.png",
  "tx": -2.318153389725774,
  "ty": -8.816393880745261,
  "theta_deg": -9.234242690331145,
  "scale": 1.022646038790846
}