{
  "source_file": "0041_source.png",
  "tx": 9.233827628137018,
  "ty": -3.136692514574122,
  "theta_deg": -1.176098038489716,
  "scale": 1.0225798015741776
}