{
  "source_file": "0042_source.png",
  "tx": 3.156624917077597,
  "ty": -4.797868230317279,
  "theta_deg": 3.431696915974049,
  "scale": 0.9804902419574384
}