{
  "source_file": "0043_source.png",
  "tx": -2.872841868759231,
  "ty": 0.7902661052618871,
  "theta_deg": 4.64627647853461,
  "scale": 0.9651216211567964
}