{
  "source_file": "0044_source.png",
  "tx": -9.560255782141224,
  "ty": 2.5565990897004376,
  "theta_deg": -9.508706444283275,
  "scale": 0.9544963240716168
}