{
  "source_file": "0045_source.png",
  "tx": -5.4844884655573285,
  "ty": 3.0775374660891117,
  "theta_deg": -8.669098046279425,
  "scale": 0.9562405767626527
}