{
  "source_file": "0046_source.png",
  "tx": 9.441864887472335,
  "ty": -1.5469421243890036,
  "theta_deg": 7.848578679857184,
  "scale": 0.9716524283952763
}