{
  "source_file": "0047_source.png",
  "tx": -1.2957364109076615,
  "ty": -2.8392973077368993,
  "theta_deg": -6.461289279300617,
  "scale": 0.9828813185751917
}