{
  "source_file": "0048_source.png",
  "tx": 9.735916373920933,
  "ty": 4.946180195902389,
  "theta_deg": -2.34663441633683,
  "scale": 0.9909284434399932
}