{
  "source_file": "0049_source.png",
  "tx": -4.725181976898673,
  "ty": 0.6267335719765015,
  "theta_deg": 4.712738242838931,
  "scale": 1.01866466157506
}