{
  "source_file": "0050_source.png",
  "tx": -0.7470032931736093,
  "ty": -9.16121906567686,
  "theta_deg": 8.43015612998537,
  "scale": 0.9908933803096066
}