{
  "source_file": "0051_source.png",
  "tx": -2.1940226597613677,
  "ty": -9.9377977102169,
  "theta_deg": -7.235455718361738,
  "scale": 1.0368853417500679
}