{
  "source_file": "0052_source.png",
  "tx": 0.27869192362605943,
  "ty": 4.648696884453534,
  "theta_deg": -7.036642271332829,
  "scale": 0.9830051006655249
}