{
  "source_file": "0053_source.png",
  "tx": 6.802731130757277,
  "ty": 6.413170423548493,
  "theta_deg": -5.064114638275187,
  "scale": 0.9521975308333072
}