{
  "source_file": "0054_source.png",
  "tx": 6.129339470912058,
  "ty": -6.6231198992115665,
  "theta_deg": 5.753627842417908,
  "scale": 1.0183659229885107
}