{
  "source_file": "0055_source.png",
  "tx": -6.633704793782115,
  "ty": -8.430227126601746,
  "theta_deg": 8.55298859844578,
  "scale": 1.0097878397283393
}