{
  "source_file": "0056_source.png",
  "tx": 2.4102034611302194,
  "ty": -0.8497639432389263,
  "theta_deg": -6.998580453554228,
  "scale": 1.010196991294659
}