{
  "source_file": "0057_source.png",
  "tx": -4.950542399249926,
  "ty": 6.117893120350828,
  "theta_deg": 4.654379096108322,
  "scale": 0.9527267185045512
}