{
  "source_file": "0058_source.png",
  "tx": 8.648460192900696,
  "ty": -9.273679033466438,
  "theta_deg": -8.207613623385852,
  "scale": 0.9792734560904245
}