{
  "source_file": "0059_source.png",
  "tx": -6.983818790597198,
  "ty": -5.277098341667951,
  "theta_deg": -2.8838102277689064,
  "scale": 1.0235499715454714
}