{
  "source_file": "0060_source.png",
  "tx": -1.905772784703112,
  "ty": -4.6032049054914825,
  "theta_deg": -0.15373692744660872,
  "scale": 0.989259324978876
}