{
  "source_file": "0061_source.png",
  "tx": -3.7847160502758603,
  "ty": 8.01083315733488,
  "theta_deg": 1.0089690191920866,
  "scale": 1.0477327510974768
}