{
  "source_file": "0062_source.png",
  "tx": 5.458248187868763,
  "ty": 1.4099859523915388,
  "theta_deg": -4.75106821446272,
  "scale": 1.018684365628884
}