{
  "source_file": "0063_source.png",
  "tx": -0.8816456206045657,
  "ty": 4.427754300835067,
  "theta_deg": -1.9244238217787686,
  "scale": 0.9996005036317948
}