{
  "source_file": "0064_source.png",
  "tx": -9.586324651084887,
  "ty": 4.799170046401059,
  "theta_deg": -9.314529112887387,
  "scale": 1.018072538584764
}