{
  "source_file": "0065_source.png",
  "tx": 1.6400739107592432,
  "ty": 5.518352229762533,
  "theta_deg": -4.204448015251687,
  "scale": 1.018611081512333
}