{
  "source_file": "0066_source.png",
  "tx": -5.858040487379236,
  "ty": 0.585440027156622,
  "theta_deg": -3.194392414976397,
  "scale": 1.0478454551357013
}