{
  "source_file": "0067_source.png",
  "tx": 9.43733114758637,
  "ty": -5.820605290532798,
  "theta_deg": 1.320764717716587,
  "scale": 0.9829442685878272
}