{
  "source_file": "0068_source.png",
  "tx": 9.370763740405618,
  "ty": 8.490518963731319,
  "theta_deg": 1.7229170611297917,
  "scale": 1.0220084455108494
}