{
  "source_file": "0069_source.png",
  "tx": 3.6264951341813916,
  "ty": -2.9328873511327807,
  "theta_deg": 8.3272313875032,
  "scale": 1.0399453536816357
}