{
  "source_file": "0070_source.png",
  "tx": -3.3868307104384137,
  "ty": 4.947898212087171,
  "theta_deg": -9.818157466511028,
  "scale": 1.0316359110558442
}