{
  "source_file": "0071_source.png",
  "tx": 1.297386907959993,
  "ty": 9.046134255019005,
  "theta_deg": -2.7361385090365093,
  "scale": 1.012571307490337
}