{
  "source_file": "0072_source.png",
  "tx": -3.5399513699324263,
  "ty": 5.655707628079993,
  "theta_deg": 2.014059935660006,
  "scale": 1.048747102297869
}