{
  "source_file": "0073_source.png",
  "tx": -9.979744138070929,
  "ty": -7.184825156837292,
  "theta_deg": -9.127972358183731,
  "scale": 0.9625847848812834
}