{
  "source_file": "0074_source.png",
  "tx": 8.587705941396614,
  "ty": 8.972165990117897,
  "theta_deg": -0.3917493060371253,
  "scale": 1.0446689394594797
}