{
  "source_file": "0075_source.png",
  "tx": 6.3677522037679815,
  "ty": 5.572354682922198,
  "theta_deg": 4.945639016063922,
  "scale": 0.9687654585169598
}