{
  "source_file": "0076_source.png",
  "tx": 0.9775452220556069,
  "ty": -1.522415387823104,
  "theta_deg": 8.99576095195776,
  "scale": 0.9673833538066816
}