{
  "source_file": "0077_source.png",
  "tx": -6.602823128806508,
  "ty": 3.1772350727602987,
  "theta_deg": -6.851964208530344,
  "scale": 0.961005367295186
}