{
  "source_file": "0078_source.png",
  "tx": 0.0784639466001309,
  "ty": 5.933219424400161,
  "theta_deg": 2.1009134329406525,
  "scale": 1.0254753972848039
}