{
  "source_file": "0079_source.png",
  "tx": -4.684829367488956,
  "ty": -4.300743339414133,
  "theta_deg": -1.4259271653695098,
  "scale": 1.0490847884265713
}