{
  "source_file": "0080_source.png",
  "tx": 4.358365130490178,
  "ty": 8.925079145757966,
  "theta_deg": 0.7574091147281603,
  "scale": 1.0054559851571396
}