{
  "source_file": "0081_source.png",
  "tx": 9.80180670950768,
  "ty": -6.200234486822385,
  "theta_deg": 5.651808743431626,
  "scale": 1.0291513824028575
}