{
  "source_file": "0082_source.png",
  "tx": 6.894832552362615,
  "ty": 5.001054184338653,
  "theta_deg": -6.893339636229059,
  "scale": 1.0161127632121674
}