{
  "source_file": "0083_source.png",
  "tx": 8.474063691724528,
  "ty": 1.2657030499196882,
  "theta_deg": -2.7811697923942553,
  "scale": 1.0449520148607858
}