{
  "source_file": "0084_source.png",
  "tx": 1.2319730091734353,
  "ty": -1.7672721092901629,
  "theta_deg": 2.2826699612255386,
  "scale": 1.0304125016631454
}