{
  "source_file": "0085_source.png",
  "tx": -5.43395818772699,
  "ty": -9.68615913954043,
  "theta_deg": 0.5818979414628433,
  "scale": 1.044135742007581
}