{
  "source_file": "0086_source.png",
  "tx": 3.6051592520638422,
  "ty": 2.6181600026001295,
  "theta_deg": 2.5563029497994645,
  "scale": 0.9996989712261718
}