{
  "source_file": "0087_source.png",
  "tx": 4.618385394701093,
  "ty": -5.016111199325506,
  "theta_deg": 7.83508527905936,
  "scale": 0.9774472655245227
}