{
  "source_file": "0088_source.png",
  "tx": 8.898900264214678,
  "ty": 8.529934200641804,
  "theta_deg": -8.441509519049442,
  "scale": 0.9948179701244336
}