{
  "source_file": "0089_source.png",
  "tx": 4.880725698741649,
  "ty": -1.006918569838593,
  "theta_deg": 0.17798049672830984,
  "scale": 1.0306823937671719
}