{
  "source_file": "0090_source.png",
  "tx": 4.099843218985441,
  "ty": 9.160084454458865,
  "theta_deg": -6.710280114338425,
  "scale": 1.0423559286186321
}