{
  "source_file": "0091_source.png",
  "tx": 8.559725050143456,
  "ty": 2.694978772810437,
  "theta_deg": 8.807816545941346,
  "scale": 0.975268558738542
}