{
  "source_file": "0092_source.png",
  "tx": 7.63574566807295,
  "ty": 5.469585859203805,
  "theta_deg": 2.193779994213882,
  "scale": 0.9590629244648062
}