{
  "source_file": "0093_source.png",
  "tx": -9.397312925380756,
  "ty": -9.78061009011763,
  "theta_deg": -4.988838851036473,
  "scale": 1.0262352409943183
}