{
  "source_file": "0094_source.png",
  "tx": -2.2674993521553377,
  "ty": 5.508934503104264,
  "theta_deg": 2.5128498186284958,
  "scale": 0.9889261899121844
}