{
  "source_file": "0095_source.png",
  "tx": 7.602932575724843,
  "ty": -9.231655212836085,
  "theta_deg": -0.6937401958431195,
  "scale": 1.0329852339392815
}