{
  "source_file": "0096_source.png",
  "tx": -7.463730340538133,
  "ty": 4.209751230232383,
  "theta_deg": -3.437683161794367,
  "scale": 0.9524301278576945
}