{
  "source_file": "0097_source.png",
  "tx": -0.5255013822137826,
  "ty": 0.4338547789066993,
  "theta_deg": -9.168274986523087,
  "scale": 1.006591935355178
}