{
  "source_file": "0098_source.png",
  "tx": -3.051323240843211,
  "ty": -9.91013585487406,
  "theta_deg": -6.1845323864686925,
  "scale": 0.9610810672278675
}