{
  "source_file": "0099_source.png",
  "tx": 0.8124390946480986,
  "ty": -9.137596739153231,
  "theta_deg": 8.562651401961585,
  "scale": 1.0345061972398373
}