{
  "source_file": "0100_source.png",
  "tx": 8.905952874629122,
  "ty": -3.703979344271331,
  "theta_deg": 8.105347771237884,
  "scale": 1.0484312422520035
}