{
  "source_file": "0101_source.png",
  "tx": 5.294628685052931,
  "ty": -4.49834772848833,
  "theta_deg": 3.4177860829430724,
  "scale": 1.009566315373398
}