{
  "source_file": "0102_source.png",
  "tx": -1.9159339567111324,
  "ty": -3.8780429197114685,
  "theta_deg": -8.803036188645395,
  "scale": 0.9625382474756459
}