{
  "source_file": "0103_source.png",
  "tx": -7.3208768798976065,
  "ty": -0.38214270691379504,
  "theta_deg": 2.8378676945378967,
  "scale": 1.0264068452444481
}