{
  "source_file": "0104_source.png",
  "tx": -9.065724800555564,
  "ty": 6.475197452248356,
  "theta_deg": -9.130575534180831,
  "scale": 1.0054946830058011
}