{
  "source_file": "0105_source.png",
  "tx": 4.882956996160214,
  "ty": 2.6244274358845594,
  "theta_deg": 8.993573513660039,
  "scale": 0.9844698353112835
}