{
  "source_file": "0106_source.png",
  "tx": 1.7176671047507845,
  "ty": -8.344018745313672,
  "theta_deg": 1.1959317586459743,
  "scale": 1.031329880107629
}