{
  "source_file": "0107_source.png",
  "tx": -5.9679097234903855,
  "ty": -4.780709992656387,
  "theta_deg": 4.008112804393875,
  "scale": 0.9753881966936063
}