{
  "source_file": "0108_source.png",
  "tx": -4.815090519571901,
  "ty": 8.710305758786031,
  "theta_deg": 9.970860616862293,
  "scale": 0.9655198430692198
}