{
  "source_file": "0109_source.png",
  "tx": 8.003247745160007,
  "ty": 1.054529719474779,
  "theta_deg": -9.22797715178965,
  "scale": 1.0085502715237185
}