{
  "source_file": "0110_source.png",
  "tx": 2.8309930134150996,
  "ty": -9.324086025957815,
  "theta_deg": 5.153838443172008,
  "scale": 1.0317800141474185
}