{
  "source_file": "0111_source.png",
  "tx": -8.567135156260877,
  "ty": 2.967998801323578,
  "theta_deg": -0.8690503819446764,
  "scale": 0.973872128734192
}