{
  "source_file": "0112_source.png",
  "tx": -0.8265923675503135,
  "ty": -6.812205804954356,
  "theta_deg": -3.3266818653540735,
  "scale": 1.0155207299700948
}