{
  "source_file": "0113_source.png",
  "tx": -0.47028887696253285,
  "ty": 1.1184018935508337,
  "theta_deg": 0.8688558760906062,
  "scale": 1.032059424011164
}