{
  "source_file": "0114_source.png",
  "tx": -3.1323440369277478,
  "ty": 6.259241815636315,
  "theta_deg": -8.400258257391851,
  "scale": 0.9927733045872605
}