{
  "source_file": "0115_source.png",
  "tx": -2.9535976692625603,
  "ty": -0.9683872258950199,
  "theta_deg": 6.670196410725332,
  "scale": 1.001239940048795
}