{
  "source_file": "0116_source.png",
  "tx": 9.744932925896734,
  "ty": 7.229214405502134,
  "theta_deg": -7.623065093739559,
  "scale": 0.9816891535561667
}