{
  "source_file": "0117_source.png",
  "tx": -9.545489969462267,
  "ty": 4.675068426892146,
  "theta_deg": -9.615983912663244,
  "scale": 1.0385938514824793
}