{
  "source_file": "0118_source.png",
  "tx": -6.133142703154757,
  "ty": -1.7232741943906316,
  "theta_deg": -8.75921387987704,
  "scale": 0.9811254887258756
}