{
  "source_file": "0119_source.png",
  "tx": -2.2097002101433443,
  "ty": -8.955380529098399,
  "theta_deg": 5.351013063557264,
  "scale": 1.0211349719525586
}