{
  "source_file": "0120_source.png",
  "tx": -2.8423275175095286,
  "ty": 6.703851063081419,
  "theta_deg": -8.451563953127547,
  "scale": 0.9554006401007672
}