{
  "source_file": "0121_source.png",
  "tx": -2.90039411125454,
  "ty": 8.036826643367899,
  "theta_deg": 5.129354038212924,
  "scale": 1.017231767855393
}