{
  "source_file": "0122_source.png",
  "tx": 1.2547147049146883,
  "ty": 6.075310774689598,
  "theta_deg": -1.755466136237045,
  "scale": 0.9530688579780825
}