{
  "source_file": "0123_source.png",
  "tx": 6.048085728906006,
  "ty": -6.190131314205358,
  "theta_deg": -2.246823003278264,
  "scale": 0.9857609347226509
}