{
  "source_file": "0124_source.png",
  "tx": -7.532687481315932,
  "ty": -2.9843126205597637,
  "theta_deg": -6.458262442981704,
  "scale": 1.011601383008489
}