{
  "source_file": "0125_source.png",
  "tx": 3.0686871553956294,
  "ty": -9.727068942367545,
  "theta_deg": -0.8704829527801667,
  "scale": 1.0054052656486716
}