{
  "source_file": "0126_source.png",
  "tx": 7.433259888715671,
  "ty": -0.07937379531076871,
  "theta_deg": -8.390991261902954,
  "scale": 0.9551723879096014
}