{
  "source_file": "0127_source.png",
  "tx": 7.242181659032873,
  "ty": 5.814588186698241,
  "theta_deg": 7.168958623032225,
  "scale": 0.9762242667584096
}