{
  "source_file": "0128_source.png",
  "tx": 2.959947215894614,
  "ty": -8.085639054089803,
  "theta_deg": 6.531462234272425,
  "scale": 0.9833612936426324
}