{
  "source_file": "0129_source.png",
  "tx": 9.102944746387884,
  "ty": -0.5723486888190585,
  "theta_deg": -9.33864606108191,
  "scale": 1.040905587760059
}