{
  "source_file": "0130_source.png",
  "tx": 2.510642976275534,
  "ty": -4.258374279762718,
  "theta_deg": -9.263922124992831,
  "scale": 0.9876686396730624
}