{
  "source_file": "0131_source.png",
  "tx": -6.862788804707824,
  "ty": 0.9656062269176253,
  "theta_deg": -7.062326496756337,
  "scale": 0.9674614278818112
}