{
  "source_file": "0132_source.png",
  "tx": 8.41738971456516,
  "ty": 2.8024006902928704,
  "theta_deg": -5.1483717645475835,
  "scale": 1.037889628063247
}