{
  "source_file": "0133_source.png",
  "tx": 2.4943165970251684,
  "ty": 8.911986801601664,
  "theta_deg": -0.3416641118258479,
  "scale": 1.038790083397804
}