{
  "source_file": "0134_source.png",
  "tx": 3.568876146987721,
  "ty": -9.116628881331447,
  "theta_deg": -5.194190198828017,
  "scale": 0.9781576404933401
}