{
  "source_file": "0135_source.png",
  "tx": -6.599666332271015,
  "ty": -5.236260987507975,
  "theta_deg": -5.479197030719916,
  "scale": 1.037834374920091
}