{
  "source_file": "0136_source.png",
  "tx": -0.7420241291394181,
  "ty": 7.530236626473183,
  "theta_deg": -7.240042330844694,
  "scale": 1.006491848655611
}