{
  "source_file": "0137_source.png",
  "tx": -9.730646437087529,
  "ty": 8.606028196759745,
  "theta_deg": -9.887257712045301,
  "scale": 0.9889907648551963
}