{
  "source_file": "0138_source.png",
  "tx": 6.031719173783404,
  "ty": 9.997631184589686,
  "theta_deg": -9.609805192773626,
  "scale": 1.032408548387381
}