{
  "source_file": "0139_source.png",
  "tx": 0.20175918991816033,
  "ty": -9.236359589218306,
  "theta_deg": 5.542385418051062,
  "scale": 0.9611902412571022
}