{
  "source_file": "0140_source.png",
  "tx": 2.2294837456486665,
  "ty": 5.5665043224620945,
  "theta_deg": 3.47181853456037,
  "scale": 0.9879874324706963
}