{
  "source_file": "0141_source.png",
  "tx": -9.471167263576799,
  "ty": -1.2747206437522447,
  "theta_deg": 8.27388967371451,
  "scale": 0.9832923365467826
}