{
  "source_file": "0142_source.png",
  "tx": -5.040825616935383,
  "ty": -7.2433833235462375,
  "theta_deg": 0.20504910002095045,
  "scale": 1.003334827274373
}