{
  "source_file": "0143_source.png",
  "tx": -8.539035151929017,
  "ty": -1.8448302796320775,
  "theta_deg": 3.173629097728856,
  "scale": 1.0466050685171462
}