{
  "source_file": "0144_source.png",
  "tx": -1.3691775656187062,
  "ty": -1.279293262117294,
  "theta_deg": -0.5773205486298671,
  "scale": 0.9725033491226563
}