{
  "source_file": "0145_source.png",
  "tx": -2.103247159711314,
  "ty": 2.9052945198391438,
  "theta_deg": -2.0588158189627492,
  "scale": 1.0081375748433306
}