{
  "source_file": "0146_source.png",
  "tx": 6.71164575999509,
  "ty": 9.95935146151114,
  "theta_deg": 7.700793672589352,
  "scale": 0.9871796626913101
}