{
  "source_file": "0147_source.png",
  "tx": -9.565457313651848,
  "ty": 2.232091990052867,
  "theta_deg": -0.5089858357978514,
  "scale": 0.973701711204858
}