{
  "source_file": "0148_source.png",
  "tx": -9.193918017899014,
  "ty": -3.5685952205459737,
  "theta_deg": 5.961426256712619,
  "scale": 1.046411900688784
}