{
  "source_file": "0149_source.png",
  "tx": -7.866797218550445,
  "ty": 7.552788235628995,
  "theta_deg": -9.025646575658437,
  "scale": 1.021347581887565
}