{
  "source_file": "0150_source.png",
  "tx": -9.46408573273655,
  "ty": -1.5790063543614075,
  "theta_deg": 7.40461676962525,
  "scale": 0.9893108147628282
}