{
  "source_file": "0151_source.png",
  "tx": 8.491286352994852,
  "ty": 4.263902822239153,
  "theta_deg": 2.083685615954934,
  "scale": 0.9661379048001831
}