{
  "source_file": "0152_source.png",
  "tx": -3.190084327107807,
  "ty": -1.7780767144248912,
  "theta_deg": 1.8040972826499075,
  "scale": 1.0496038160209293
}