{
  "source_file": "0153_source.png",
  "tx": -4.3258050439013696,
  "ty": 0.07125781662995223,
  "theta_deg": 8.668958152574668,
  "scale": 0.9845420793762009
}