{
  "source_file": "0154_source.png",
  "tx": 2.57209574544747,
  "ty": 5.322630773883807,
  "theta_deg": 2.6053945003028627,
  "scale": 1.0253430679842124
}