{
  "source_file": "0155_source.png",
  "tx": -6.086139995286068,
  "ty": 9.146753736977626,
  "theta_deg": -6.462043863019873,
  "scale": 1.0083681176041597
}