{
  "source_file": "0156_source.png",
  "tx": -4.0791478186676695,
  "ty": 2.6884605052266295,
  "theta_deg": -4.177791692102691,
  "scale": 0.993121335681454
}