{
  "source_file": "0157_source.png",
  "tx": 3.6444509641151015,
  "ty": -4.618624988919143,
  "theta_deg": 4.557517648961365,
  "scale": 0.9846877672777792
}