{
  "source_file": "0158_source.png",
  "tx": -7.35687805558757,
  "ty": 2.262574338460519,
  "theta_deg": -6.684839422818152,
  "scale": 0.9930577446346701
}