{
  "source_file": "0159_source.png",
  "tx": -2.0320517624140795,
  "ty": -8.476623052076297,
  "theta_deg": 4.215396748041453,
  "scale": 1.018082356510926
}