{
  "source_file": "0160_source.png",
  "tx": 5.555900100682363,
  "ty": 0.8982628175929079,
  "theta_deg": 1.0783355144114424,
  "scale": 0.9669233002908291
}