{
  "source_file": "0161_source.png",
  "tx": -5.850722020198176,
  "ty": -5.435010190349445,
  "theta_deg": 0.5060705744558724,
  "scale": 1.031898258248748
}