{
  "source_file": "0162_source.png",
  "tx": -2.8605176657649505,
  "ty": 7.637439761065039,
  "theta_deg": 4.717565370803992,
  "scale": 1.0216447143206189
}