{
  "source_file": "0163_source.png",
  "tx": -3.29655741390696,
  "ty": -7.630450158929564,
  "theta_deg": 9.255809622128098,
  "scale": 1.0354610635624018
}