{
  "source_file": "0164_source.png",
  "tx": -1.8226401845484084,
  "ty": 7.2643638047231,
  "theta_deg": 7.98434230064149,
  "scale": 0.9842473623364987
}