{
  "source_file": "0165_source.png",
  "tx": 0.031229848941007887,
  "ty": -3.36420319480726,
  "theta_deg": 3.9031502819926267,
  "scale": 1.0412167313517176
}