{
  "source_file": "0166_source.png",
  "tx": 9.690882077783229,
  "ty": 4.875581496280258,
  "theta_deg": -3.895152921298674,
  "scale": 1.038049329008776
}