{
  "source_file": "0167_source.png",
  "tx": 9.852392580891635,
  "ty": -3.0694767251215787,
  "theta_deg": 8.974247048984953,
  "scale": 1.001154640545069
}