{
  "source_file": "0168_source.png",
  "tx": 9.29270884545165,
  "ty": 9.917119801983027,
  "theta_deg": 6.258841916577932,
  "scale": 1.018343704918935
}