{
  "source_file": "0169_source.png",
  "tx": -6.919710614137918,
  "ty": -9.901654335336083,
  "theta_deg": 1.9094170084672193,
  "scale": 1.0204459905483054
}