{
  "source_file": "0170_source.png",
  "tx": 8.710760903580205,
  "ty": 0.34239800375907414,
  "theta_deg": 3.9369320540550774,
  "scale": 1.0147355971471002
}