{
  "source_file": "0171_source.png",
  "tx": -5.901597500475367,
  "ty": 2.8860018556016023,
  "theta_deg": 9.634424226500403,
  "scale": 0.9611184956630164
}