{
  "source_file": "0172_source.png",
  "tx": 3.770864863979762,
  "ty": 2.286102349853108,
  "theta_deg": -2.4829055241678644,
  "scale": 1.0293347753852764
}