{
  "source_file": "0173_source.png",
  "tx": -9.790282828301414,
  "ty": 7.848232442463413,
  "theta_deg": 6.347279060254003,
  "scale": 0.9980704831468714
}