{
  "source_file": "0174_source.png",
  "tx": -7.837216902379007,
  "ty": -0.947428886727316,
  "theta_deg": 1.6850579823077396,
  "scale": 0.9753883478541242
}