{
  "source_file": "0175_source.png",
  "tx": -0.26937070308808586,
  "ty": 5.514575277077505,
  "theta_deg": 8.45463591203795,
  "scale": 1.0061645027634731
}