{
  "source_file": "0176_source.png",
  "tx": 6.544835700791648,
  "ty": -8.44133574060798,
  "theta_deg": 7.127360926269304,
  "scale": 1.042081456546442
}