{
  "source_file": "0177_source.png",
  "tx": -6.639972474309577,
  "ty": 6.549747235061453,
  "theta_deg": 6.991323406519761,
  "scale": 1.0378658868325763
}