{
  "source_file": "0178_source.png",
  "tx": 0.34279039634784425,
  "ty": 2.165084877706871,
  "theta_deg": -5.838335091146019,
  "scale": 1.0208131549385704
}