{
  "source_file": "0179_source.png",
  "tx": -1.8996539318371468,
  "ty": -9.576618285858892,
  "theta_deg": -7.314657729914897,
  "scale": 0.9888218031610064
}