{
  "source_file": "0180_source.png",
  "tx": 7.703596121216222,
  "ty": 1.2988458653767232,
  "theta_deg": 8.325140681124942,
  "scale": 1.042948384435731
}