{
  "source_file": "0181_source.png",
  "tx": -8.264100157610004,
  "ty": 1.7643082745653782,
  "theta_deg": -3.3094392369545194,
  "scale": 1.0006795122276368
}