{
  "source_file": "0182_source.png",
  "tx": -0.8895039500138129,
  "ty": -0.4011345475907735,
  "theta_deg": -7.963883836762333,
  "scale": 1.033316008379683
}