{
  "source_file": "0183_source.png",
  "tx": -0.19440076488372782,
  "ty": 2.8997511258856683,
  "theta_deg": -0.5464249453981296,
  "scale": 0.9681018376572211
}