{
  "source_file": "0184_source.png",
  "tx": 0.8200116998437323,
  "ty": -6.809205218783974,
  "theta_deg": 7.043585122951669,
  "scale": 1.0331604025638146
}