{
  "source_file": "0185_source.png",
  "tx": -7.1272244368611375,
  "ty": -8.623120939371349,
  "theta_deg": -8.630161661191003,
  "scale": 0.9893244024858775
}