{
  "source_file": "0186_source.png",
  "tx": 9.060828746852636,
  "ty": 1.1228083211543272,
  "theta_deg": -4.689468520538222,
  "scale": 0.9729648827124179
}