{
  "source_file": "0187_source.png",
  "tx": -7.7825361048141595,
  "ty": -7.178575790008479,
  "theta_deg": 6.23726533266138,
  "scale": 0.9638633464712182
}