{
  "source_file": "0188_source.png",
  "tx": 7.2812311435801504,
  "ty": 6.459961483708881,
  "theta_deg": -7.263823958263558,
  "scale": 1.0058724769938758
}