{
  "source_file": "0189_source.png",
  "tx": -9.858894641240902,
  "ty": 7.240722686700998,
  "theta_deg": 1.1655424087922839,
  "scale": 1.0255340394390544
}