{
  "source_file": "0190_source.png",
  "tx": -0.193093461674831,
  "ty": 3.8084399859673557,
  "theta_deg": 8.624782483721084,
  "scale": 1.005954581012786
}