{
  "source_file": "0191_source.png",
  "tx": 7.494109538201158,
  "ty": -3.139091153057576,
  "theta_deg": -8.049349086621561,
  "scale": 0.9505144642604061
}