{
  "source_file": "0192_source.png",
  "tx": -5.466994420030558,
  "ty": 6.771736738717291,
  "theta_deg": -3.770090747705572,
  "scale": 0.9724616147644609
}