{
  "source_file": "0193_source.png",
  "tx": -0.08739153223259244,
  "ty": 8.938082449869157,
  "theta_deg": 0.17956896521399912,
  "scale": 0.9840871662584438
}