{
  "source_file": "0194_source.png",
  "tx": -8.449964179878588,
  "ty": 1.473338666899977,
  "theta_deg": -5.474860409056288,
  "scale": 0.9867499127712638
}