{
  "source_file": "0195_source.png",
  "tx": -2.376752665529887,
  "ty": 5.16368674419474,
  "theta_deg": -5.36742310406227,
  "scale": 1.0435892225796817
}