{
  "source_file": "0196_source.png",
  "tx": 4.847761359251093,
  "ty": -0.3776091843836191,
  "theta_deg": 7.60948982560177,
  "scale": 0.9859167980275293
}