{
  "source_file": "0197_source.png",
  "tx": -2.313202528295446,
  "ty": -7.41261738074535,
  "theta_deg": 5.571121889272305,
  "scale": 0.9901192652844332
}