{
  "source_file": "0198_source.png",
  "tx": 0.005060563780439509,
  "ty": -0.580626692079381,
  "theta_deg": 3.1236363514215437,
  "scale": 0.9873938431085344
}