{
  "source_file": "0199_source.png",
  "tx": 8.317226522974842,
  "ty": -1.3615548197311398,
  "theta_deg": -2.8157204430252953,
  "scale": 0.9900878055150241
}