{
  "source_file": "0200_source.png",
  "tx": 5.325914429779271,
  "ty": 9.861131799683786,
  "theta_deg": 7.330292926026676,
  "scale": 0.9979727498468748
}