{
  "source_file": "0201_source.png",
  "tx": -4.172813129331541,
  "ty": -1.0802589127024813,
  "theta_deg": -3.119688938128718,
  "scale": 0.9743532052213861
}