{
  "source_file": "0202_source.png",
  "tx": -6.261181692831008,
  "ty": 9.117514690473023,
  "theta_deg": -0.013896192804441654,
  "scale": 0.960997487367023
}