{
  "source_file": "0203_source.png",
  "tx": -2.3218677974774167,
  "ty": -2.2256616555424857,
  "theta_deg": 0.2706905397438657,
  "scale": 1.0480041324613694
}