{
  "source_file": "0204_source.png",
  "tx": 9.532669931480953,
  "ty": 1.3178822142629638,
  "theta_deg": 2.361830505826381,
  "scale": 1.0175629074866237
}