{
  "source_file": "0205_source.png",
  "tx": 0.04444365370356351,
  "ty": -0.2664388369535704,
  "theta_deg": -3.709521216464317,
  "scale": 1.0183921739471267
}