{
  "source_file": "0206_source.png",
  "tx": -8.162094433342507,
  "ty": -3.6570950755077014,
  "theta_deg": 7.819571189552267,
  "scale": 0.9727378150975452
}