{
  "source_file": "0207_source.png",
  "tx": 9.351647560499789,
  "ty": 9.683394439314252,
  "theta_deg": 1.5076532619247232,
  "scale": 0.9540435980308821
}