{
  "source_file": "0208_source.png",
  "tx": -8.130436053356133,
  "ty": -5.993967246200151,
  "theta_deg": -3.463768634412947,
  "scale": 0.9613108211612874
}