{
  "source_file": "0209_source.png",
  "tx": 5.9442154614103675,
  "ty": -2.716908599695187,
  "theta_deg": -5.325326032506554,
  "scale": 0.9543693870366308
}