{
  "source_file": "0210_source.png",
  "tx": -2.3465628125403892,
  "ty": -9.909865389815554,
  "theta_deg": -7.670170989408254,
  "scale": 1.0104645510061672
}