{
  "source_file": "0211_source.png",
  "tx": 8.69890822656221,
  "ty": -6.0126815614753415,
  "theta_deg": 4.8212241330877585,
  "scale": 0.9697705521045372
}