{
  "source_file": "0212_source.png",
  "tx": -9.970096123185652,
  "ty": 7.930760923236047,
  "theta_deg": 6.922174754024137,
  "scale": 0.9566778715975074
}