{
  "source_file": "0213_source.png",
  "tx": -6.4572942367226105,
  "ty": -5.313981439627751,
  "theta_deg": 8.566427292738112,
  "scale": 0.9881929095645882
}