{
  "source_file": "0214_source.png",
  "tx": 6.147635132129466,
  "ty": -1.2837293431008447,
  "theta_deg": -2.3751066660783042,
  "scale": 1.0265348054775563
}