{
  "source_file": "0215_source.png",
  "tx": 2.3152199319805096,
  "ty": -4.6136461155783,
  "theta_deg": 1.6562119643492608,
  "scale": 1.020385284995635
}