{
  "source_file": "0216_source.png",
  "tx": 6.54156183262549,
  "ty": 3.543581583188809,
  "theta_deg": 2.814941426273956,
  "scale": 1.009590234247618
}