{
  "source_file": "0217_source.png",
  "tx": -8.15898101751234,
  "ty": 8.90378119099989,
  "theta_deg": 4.296838209552664,
  "scale": 0.9772871129394559
}