{
  "source_file": "0218_source.png",
  "tx": 3.8470138820852657,
  "ty": 2.4163487214016115,
  "theta_deg": 3.1770289146757573,
  "scale": 0.9878908971004849
}