{
  "source_file": "0219_source.png",
  "tx": 1.4635170960234483,
  "ty": 3.2005446135307736,
  "theta_deg": -5.966878619615413,
  "scale": 1.0008012164386884
}