{
  "source_file": "0220_source.png",
  "tx": -7.5931668937805,
  "ty": -7.889390037488068,
  "theta_deg": 8.221211504133187,
  "scale": 0.9624547224558866
}