{
  "source_file": "0221_source.png",
  "tx": 7.865339435292853,
  "ty": -0.6040160091704045,
  "theta_deg": -0.9019476849176442,
  "scale": 0.9839815319544686
}