{
  "source_file": "0222_source.png",
  "tx": -1.675645671124098,
  "ty": -2.455352384068088,
  "theta_deg": 1.2996589400529572,
  "scale": 0.9835593319088886
}