{
  "source_file": "0223_source.png",
  "tx": 6.43951726902608,
  "ty": -5.328764996856199,
  "theta_deg": -5.030597545050286,
  "scale": 0.9980551546627432
}