{
  "source_file": "0224_source.png",
  "tx": 8.701625676495116,
  "ty": -9.52168651714942,
  "theta_deg": 4.46827231169155,
  "scale": 0.950600658768761
}