{
  "source_file": "0225_source.png",
  "tx": -1.9027957381941274,
  "ty": 5.2841449939103455,
  "theta_deg": -1.0784175658250597,
  "scale": 0.9929488928921963
}