{
  "source_file": "0226_source.png",
  "tx": -4.935663420374395,
  "ty": -0.49808723613733186,
  "theta_deg": -5.434810006483066,
  "scale": 0.9783521289825269
}