{
  "source_file": "0227_source.png",
  "tx": 3.0658712217488002,
  "ty": 1.988941122870198,
  "theta_deg": 8.590910307885448,
  "scale": 1.0468869081374852
}