{
  "source_file": "0228_source.png",
  "tx": 0.44760386414817077,
  "ty": -8.24886974877018,
  "theta_deg": -4.001938114647652,
  "scale": 1.0017804895571645
}