{
  "source_file": "0229_source.png",
  "tx": 3.4632578675085206,
  "ty": 8.923944988697311,
  "theta_deg": -6.897851326642799,
  "scale": 0.953668470184833
}