{
  "source_file": "0230_source.png",
  "tx": 7.400713655618723,
  "ty": 6.103287363105277,
  "theta_deg": 5.3149655312352735,
  "scale": 0.9968600767778597
}