{
  "source_file": "0231_source.png",
  "tx": 3.555614082162366,
  "ty": -1.7706155037731524,
  "theta_deg": -6.158966844154731,
  "scale": 0.9890893765145043
}