{
  "source_file": "0232_source.png",
  "tx": 5.740931920425217,
  "ty": 6.0371124404911285,
  "theta_deg": 9.222689321482743,
  "scale": 1.038766712516427
}