{
  "source_file": "0233_source.png",
  "tx": 3.641690735490112,
  "ty": 0.41824045593189574,
  "theta_deg": 4.478540469415709,
  "scale": 0.96832035893143
}