{
  "source_file": "0234_source.png",
  "tx": 8.461690625962294,
  "ty": 4.251531489389279,
  "theta_deg": 1.8897111092052388,
  "scale": 0.9934041717291984
}