{
  "source_file": "0235_source.png",
  "tx": 2.670831782927321,
  "ty": 2.3535745581156515,
  "theta_deg": 7.977082530141345,
  "scale": 1.007073631084566
}