{
  "source_file": "0236_source.png",
  "tx": -5.7324569526219715,
  "ty": -1.1724127780039666,
  "theta_deg": -5.140629785096948,
  "scale": 1.0404950168758396
}