{
  "source_file": "0237_source.png",
  "tx": 6.870516287935892,
  "ty": 1.1163822905868948,
  "theta_deg": -6.072168648166301,
  "scale": 0.9543542013036197
}