{
  "source_file": "0238_source.png",
  "tx": -7.316610925965053,
  "ty": -1.135614384091424,
  "theta_deg": 3.484081567819823,
  "scale": 0.9723998104489082
}