{
  "source_file": "0239_source.png",
  "tx": 3.690406994380682,
  "ty": 7.23898767913175,
  "theta_deg": 5.144821631270922,
  "scale": 0.9925527475212564
}