{
  "source_file": "0240_source.png",
  "tx": 2.914558147499797,
  "ty": 9.76734865999109,
  "theta_deg": 7.708232057545313,
  "scale": 0.9838149506549758
}