{
  "source_file": "0241_source.png",
  "tx": 3.7089410710552624,
  "ty": -6.735774372124936,
  "theta_deg": 1.1473694210108931,
  "scale": 0.9856533964853778
}