{
  "source_file": "0242_source.png",
  "tx": -1.2370736314627884,
  "ty": -1.2220229223334655,
  "theta_deg": 3.2646587964187646,
  "scale": 1.0345996007262537
}