{
  "source_file": "0243_source.png",
  "tx": -0.6285631556327331,
  "ty": -7.068304237757001,
  "theta_deg": 5.083085464432353,
  "scale": 1.0251643010644393
}