{
  "source_file": "0244_source.png",
  "tx": 9.076904794037656,
  "ty": -2.118879862023806,
  "theta_deg": -0.722419812119881,
  "scale": 1.0040595741644651
}