{
  "source_file": "0245_source.png",
  "tx": 7.842467929106402,
  "ty": 4.084330357105003,
  "theta_deg": -9.574437527933995,
  "scale": 0.9707322687563064
}