{
  "source_file": "0246_source.png",
  "tx": 7.077896954467459,
  "ty": 1.7094763472097636,
  "theta_deg": 7.478169320631242,
  "scale": 0.9911399137533038
}