{
  "source_file": "0247_source.png",
  "tx": -5.790642256531342,
  "ty": -9.91718546141859,
  "theta_deg": 9.921019176954577,
  "scale": 0.9636381533226666
}