{
  "source_file": "0248_source.png",
  "tx": 2.859375313882351,
  "ty": -0.20582179596545025,
  "theta_deg": -2.397012182486826,
  "scale": 1.003720215012167
}