{
  "source_file": "0249_source.png",
  "tx": -8.434328793757198,
  "ty": 9.40068404830713,
  "theta_deg": -0.14526117558972018,
  "scale": 0.9515289516776476
}