{
  "source_file": "0250_source.png",
  "tx": -1.6131313715855118,
  "ty": 5.144038105012701,
  "theta_deg": -3.758326607389268,
  "scale": 1.024502240883734
}