{
  "source_file": "0251_source.png",
  "tx": 5.347254396750721,
  "ty": -5.217585621198298,
  "theta_deg": 9.359449724191165,
  "scale": 0.9527888749449666
}