{
  "source_file": "0252_source.png",
  "tx": 7.272109681120238,
  "ty": 0.2529824327695209,
  "theta_deg": -6.932410230375552,
  "scale": 0.975839294575293
}