{
  "source_file": "0253_source.png",
  "tx": 1.8703458379436917,
  "ty": -4.430856722886669,
  "theta_deg": 6.768421527893086,
  "scale": 0.9719528514018039
}