{
  "source_file": "0254_source.png",
  "tx": -2.318774052563512,
  "ty": 0.13626335969572345,
  "theta_deg": -3.2045407253047076,
  "scale": 1.0324142803178962
}