{
  "source_file": "0255_source.png",
  "tx": -4.7223559117929454,
  "ty": -8.220456534026628,
  "theta_deg": -6.904296231934999,
  "scale": 1.0126945455254468
}