{
  "source_file": "0256_source.png",
  "tx": 1.2712530024409219,
  "ty": -8.734033561465342,
  "theta_deg": 9.8609832714966,
  "scale": 0.9979440632721032
}