{
  "source_file": "0257_source.png",
  "tx": -3.611255975733487,
  "ty": 4.583248029971831,
  "theta_deg": -9.514162821084565,
  "scale": 0.9934249144845866
}