{
  "source_file": "0258_source.png",
  "tx": 3.2882767819905006,
  "ty": 9.242724498149698,
  "theta_deg": 5.2327555629224864,
  "scale": 1.0385159209602493
}