{
  "source_file": "0259_source.png",
  "tx": -7.621881856694978,
  "ty": -1.4045878875434177,
  "theta_deg": -9.364191497963589,
  "scale": 0.9771994197846695
}