{
  "source_file": "0260_source.png",
  "tx": -2.3140626973763823,
  "ty": -3.12357838576591,
  "theta_deg": -2.5251840626929685,
  "scale": 1.0303080004730507
}