{
  "source_file": "0261_source.png",
  "tx": -6.209127344927996,
  "ty": 6.489912203210331,
  "theta_deg": 0.8384217410691956,
  "scale": 0.983874512847805
}