{
  "source_file": "0262_source.png",
  "tx": 1.0447153469851234,
  "ty": -6.771533353919288,
  "theta_deg": -0.09090500779420552,
  "scale": 0.9521953296938208
}