{
  "source_file": "0263_source.png",
  "tx": 7.2595015552428315,
  "ty": -3.368379304160456,
  "theta_deg": -3.1191410130605757,
  "scale": 1.049515199735256
}