{
  "source_file": "0264_source.png",
  "tx": 2.269114637559701,
  "ty": -1.6469261116822622,
  "theta_deg": 5.813134425555749,
  "scale": 0.9567664707090879
}