{
  "source_file": "0265_source.png",
  "tx": 1.410084084300788,
  "ty": 0.41401923821599595,
  "theta_deg": 7.224563360064142,
  "scale": 1.0086200342537923
}