{
  "source_file": "0266_source.png",
  "tx": -0.2945516951890159,
  "ty": 0.4045171798224185,
  "theta_deg": 5.6379461621331615,
  "scale": 0.9847320795780539
}