{
  "source_file": "0267_source.png",
  "tx": 1.1557882780340716,
  "ty": 4.147805454874824,
  "theta_deg": 9.911109086452576,
  "scale": 1.0193684195454138
}