{
  "source_file": "0268_source.png",
  "tx": 9.237423424445655,
  "ty": -2.0193467734150268,
  "theta_deg": 2.1756198552820294,
  "scale": 1.0245294857315603
}