{
  "source_file": "0269_source.png",
  "tx": -3.031681007450584,
  "ty": -4.616501223927891,
  "theta_deg": 9.45666222193623,
  "scale": 0.9848533972902893
}