{
  "source_file": "0270_source.png",
  "tx": 9.99805354286395,
  "ty": 7.045419693111292,
  "theta_deg": -5.678637703399369,
  "scale": 1.0328219222379738
}