{
  "source_file": "0271_source.png",
  "tx": 9.672542531559522,
  "ty": -4.463595515325975,
  "theta_deg": 3.289088275460241,
  "scale": 1.0269589222971027
}