{
  "source_file": "0272_source.png",
  "tx": -8.33436002429023,
  "ty": 6.386636097443315,
  "theta_deg": -3.8327853572029236,
  "scale": 1.020638179616659
}