{
  "source_file": "0273_source.png",
  "tx": 9.002764422188424,
  "ty": -9.297819572006297,
  "theta_deg": 2.2342576107561776,
  "scale": 0.9792404627824937
}