{
  "source_file": "0274_source.png",
  "tx": -7.706824218260859,
  "ty": 4.237096052662357,
  "theta_deg": 9.580931246490572,
  "scale": 1.001271050091589
}