{
  "source_file": "0275_source.png",
  "tx": -3.0731158159572054,
  "ty": -1.0182081030445609,
  "theta_deg": -1.7076423015104059,
  "scale": 1.0031901909645529
}