{
  "source_file": "0276_source.png",
  "tx": -1.8164832707184324,
  "ty": -8.392550707821462,
  "theta_deg": 9.58855471953132,
  "scale": 1.0496707277924795
}