{
  "source_file": "0277_source.png",
  "tx": -6.51730890623228,
  "ty": -5.179200674843168,
  "theta_deg": -1.260874171013949,
  "scale": 1.01987329370285
}