{
  "source_file": "0278_source.png",
  "tx": -9.373101290627528,
  "ty": 6.70995101455166,
  "theta_deg": 2.7686674662919124,
  "scale": 0.9769293562145335
}