{
  "source_file": "0279_source.png",
  "tx": 7.417344298338843,
  "ty": 3.224184261726375,
  "theta_deg": -3.6615143749553543,
  "scale": 1.0047845994334608
}