{
  "source_file": "0280_source.png",
  "tx": 9.584751171981452,
  "ty": -9.031340661156493,
  "theta_deg": 4.169240332962975,
  "scale": 1.0349413610162739
}