{
  "source_file": "0281_source.png",
  "tx": 3.8463369781680523,
  "ty": -7.199631741706751,
  "theta_deg": 1.9429920697342968,
  "scale": 1.0285955245708034
}