{
  "source_file": "0282_source.png",
  "tx": -1.6280817566996753,
  "ty": 1.6485655643701342,
  "theta_deg": -4.930640913426354,
  "scale": 0.9812748550702087
}