{
  "source_file": "0283_source.png",
  "tx": 6.1714028615943874,
  "ty": -0.2100372479283319,
  "theta_deg": -1.0237652498086725,
  "scale": 0.9622883837101268
}