{
  "source_file": "0284_source.png",
  "tx": -2.5105820343590164,
  "ty": 0.4144211189872351,
  "theta_deg": -5.3797533055830975,
  "scale": 1.0307935561815798
}