{
  "source_file": "0285_source.png",
  "tx": -2.325985874145138,
  "ty": -5.230204152896832,
  "theta_deg": -3.83405013405957,
  "scale": 1.0324463532735544
}