{
  "source_file": "0286_source.png",
  "tx": 8.082869519096622,
  "ty": 9.205956971298015,
  "theta_deg": -9.696118400466982,
  "scale": 1.0253894130603773
}