{
  "source_file": "0287_source.png",
  "tx": 0.5096807202554672,
  "ty": -7.508798461059396,
  "theta_deg": -5.069328472043111,
  "scale": 0.9781690830503039
}