{
  "source_file": "0288_source.png",
  "tx": -1.9156662476801216,
  "ty": -0.5855745528065963,
  "theta_deg": 8.73577712876903,
  "scale": 0.9558355056973041
}