{
  "source_file": "0289_source.png",
  "tx": 4.1833861003693045,
  "ty": 7.082121897374691,
  "theta_deg": -2.854001640906456,
  "scale": 0.9749217198425162
}