{
  "source_file": "0290_source.png",
  "tx": -5.573830187480288,
  "ty": -3.9832164661780585,
  "theta_deg": -7.094040187257489,
  "scale": 1.0051677986852268
}