{
  "source_file": "0291_source.png",
  "tx": -4.992009916280296,
  "ty": -9.454969289712675,
  "theta_deg": -5.347331335516281,
  "scale": 1.0320632105482892
}