{
  "source_file": "0292_source.png",
  "tx": -1.65259556096089,
  "ty": 7.670725093071177,
  "theta_deg": 8.872312628752603,
  "scale": 0.974334832845821
}