{
  "source_file": "0293_source.png",
  "tx": 1.1994490219384772,
  "ty": 7.621338193605691,
  "theta_deg": 1.6284067453754592,
  "scale": 0.9668000286407672
}