{
  "source_file": "0294_source.png",
  "tx": -5.0409350508428785,
  "ty": 9.752496596269246,
  "theta_deg": -4.012262702196421,
  "scale": 1.0367702982243099
}