{
  "source_file": "0295_source.png",
  "tx": 5.900246755614624,
  "ty": 4.839694056069073,
  "theta_deg": 4.438845136892509,
  "scale": 1.0289981863683673
}