{
  "source_file": "0296_source.png",
  "tx": 6.948153704372796,
  "ty": -8.752671269768326,
  "theta_deg": -6.6438035099184205,
  "scale": 1.0005529324620244
}