{
  "source_file": "0297_source.png",
  "tx": -5.7502094827878825,
  "ty": 0.6643604526119979,
  "theta_deg": -0.13635320916237426,
  "scale": 0.9626771448968386
}