{
  "source_file": "0298_source.png",
  "tx": -8.28077695774899,
  "ty": -9.76694406582078,
  "theta_deg": 6.500722601086991,
  "scale": 0.9581741668362523
}