{
  "source_file": "0299_source.png",
  "tx": 9.231306574773342,
  "ty": 9.676637089703963,
  "theta_deg": 4.913928865770586,
  "scale": 0.9950383280769728
}