{
  "source_file": "0300_source.png",
  "tx": -4.484230729239329,
  "ty": -1.7509515623776633,
  "theta_deg": -3.0941346791629005,
  "scale": 0.9896295139627562
}