{
  "source_file": "0301_source.png",
  "tx": 4.523915659879915,
  "ty": 7.850524151630964,
  "theta_deg": -6.8456994613958155,
  "scale": 0.9742670578813326
}