{
  "source_file": "0302_source.png",
  "tx": -5.802061876952102,
  "ty": -9.093080198525467,
  "theta_deg": 7.084011592516333,
  "scale": 1.0011275543340352
}