{
  "source_file": "0303_source.png",
  "tx": -8.65930442614519,
  "ty": -1.0748947785812497,
  "theta_deg": -0.9877841606528079,
  "scale": 1.0277955955989606
}