{
  "source_file": "0304_source.png",
  "tx": 5.227948972806795,
  "ty": -7.310220211770808,
  "theta_deg": 2.537512314339839,
  "scale": 1.0009686293372173
}