{
  "source_file": "0305_source.png",
  "tx": -9.730164468531958,
  "ty": -7.0452834142445635,
  "theta_deg": 3.3369684752791287,
  "scale": 0.9867025806231001
}