{
  "source_file": "0306_source.png",
  "tx": 9.273707910977805,
  "ty": 0.03500724459548188,
  "theta_deg": 3.7656633933645693,
  "scale": 0.9633617639709279
}