{
  "source_file": "0307_source.png",
  "tx": -0.4110308279226089,
  "ty": 4.6824294232189345,
  "theta_deg": 6.669633515987968,
  "scale": 0.9699607428972158
}