{
  "source_file": "0308_source.png",
  "tx": -2.061865577194517,
  "ty": -0.5294598189861048,
  "theta_deg": -1.1925521285351852,
  "scale": 0.9975441670557269
}