{
  "source_file": "0309_source.png",
  "tx": -4.081995496516999,
  "ty": 6.174414858368355,
  "theta_deg": 8.261558909994001,
  "scale": 0.9849000728526446
}