{
  "source_file": "0310_source.png",
  "tx": 2.757201433642358,
  "ty": -2.3858816331830868,
  "theta_deg": 1.575039833973495,
  "scale": 1.019553894471621
}