{
  "source_file": "0311_source.png",
  "tx": 0.030325546548406024,
  "ty": 3.491641404461806,
  "theta_deg": 5.1429148859843306,
  "scale": 1.034329563554556
}