{
  "source_file": "0312_source.png",
  "tx": -6.2238022042328245,
  "ty": -5.672302057570624,
  "theta_deg": 0.28742703309811723,
  "scale": 1.0009657018931697
}