{
  "source_file": "0313_source.png",
  "tx": 6.154509871805335,
  "ty": 0.34766744920424486,
  "theta_deg": 8.001049389203164,
  "scale": 1.0277602835828605
}