{
  "source_file": "0314_source.png",
  "tx": 0.1263162249617107,
  "ty": 6.5265224348706745,
  "theta_deg": -0.48288078351785124,
  "scale": 0.9841715158961521
}