{
  "source_file": "0315_source.png",
  "tx": -1.3315312114877713,
  "ty": -0.8758397539917606,
  "theta_deg": 3.0106390307433664,
  "scale": 0.9552157094996107
}