{
  "source_file": "0316_source.png",
  "tx": 4.590173541653781,
  "ty": 9.364655503182387,
  "theta_deg": -0.8236486179568843,
  "scale": 0.9568772293763448
}