{
  "source_file": "0317_source.png",
  "tx": -5.974872321309201,
  "ty": -7.935719213533057,
  "theta_deg": -4.872926774770399,
  "scale": 1.0293907105500066
}