{
  "source_file": "0318_source.png",
  "tx": -9.979011293431967,
  "ty": 7.471586647120535,
  "theta_deg": 8.79094301103472,
  "scale": 0.9685003084079574
}