{
  "source_file": "0319_source.png",
  "tx": -6.52827130150582,
  "ty": 9.31525925715087,
  "theta_deg": -2.7923969016376464,
  "scale": 1.0311776304749207
}