{
  "source_file": "0320_source.png",
  "tx": -9.819786448106235,
  "ty": 9.815831580261257,
  "theta_deg": -9.670195874474798,
  "scale": 1.0107570595416977
}