{
  "source_file": "0321_source.png",
  "tx": 8.569007093828631,
  "ty": 6.62521717997647,
  "theta_deg": -3.791948860539147,
  "scale": 1.03220804127763
}