{
  "source_file": "0322_source.png",
  "tx": -2.1390472615943157,
  "ty": -0.003871658691920743,
  "theta_deg": -2.734439990186674,
  "scale": 0.9854718067406203
}