{
  "source_file": "0323_source.png",
  "tx": 1.6415045308971763,
  "ty": 5.641359704038651,
  "theta_deg": 3.9898225701948693,
  "scale": 1.0268077955932846
}