{
  "source_file": "0324_source.png",
  "tx": -9.71453464122493,
  "ty": 0.6338678706501177,
  "theta_deg": -2.944227943067439,
  "scale": 0.9708614832688902
}