{
  "source_file": "0325_source.png",
  "tx": 8.417036441557407,
  "ty": -6.0638390005725125,
  "theta_deg": -6.310500682052278,
  "scale": 0.9678814094486137
}