{
  "source_file": "0326_source.png",
  "tx": 3.161898128859166,
  "ty": 2.2347986089306566,
  "theta_deg": 0.11266937966468227,
  "scale": 1.0086801757123107
}