{
  "source_file": "0327_source.png",
  "tx": 8.811526285193644,
  "ty": 7.224201742811772,
  "theta_deg": 8.118690401725296,
  "scale": 0.9554157834024237
}