{
  "source_file": "0328_source.png",
  "tx": 7.9482554800034535,
  "ty": -9.372987054827524,
  "theta_deg": 2.9528589022531033,
  "scale": 1.0430832178410498
}