{
  "source_file": "0329_source.png",
  "tx": 0.04926846701177112,
  "ty": -1.613586647762439,
  "theta_deg": -3.365140910008721,
  "scale": 1.041612361838127
}