{
  "source_file": "0330_source.png",
  "tx": 8.519385282151141,
  "ty": 2.3825101836122258,
  "theta_deg": 4.288579681733635,
  "scale": 0.9839127041187268
}