{
  "source_file": "0331_source.png",
  "tx": -7.236504656654194,
  "ty": 9.580019560463356,
  "theta_deg": 3.1404423336721106,
  "scale": 0.9774387549504984
}