{
  "source_file": "0332_source.png",
  "tx": 9.541671049781009,
  "ty": 2.179398672697017,
  "theta_deg": -3.38829826271912,
  "scale": 1.0395813000544625
}