{
  "source_file": "0333_source.png",
  "tx": -8.44199143966164,
  "ty": 6.083073281444147,
  "theta_deg": -6.80841968982782,
  "scale": 0.9607674446049557
}