{
  "source_file": "0334_source.png",
  "tx": -4.821118629138739,
  "ty": 4.2965108759045805,
  "theta_deg": 2.1601659726785805,
  "scale": 0.9921278377405869
}