{
  "source_file": "0335_source.png",
  "tx": -6.819076149541523,
  "ty": 8.475037279599547,
  "theta_deg": 5.325703490734613,
  "scale": 1.0186266628331542
}