{
  "source_file": "0336_source.png",
  "tx": 6.2581813243328135,
  "ty": 5.484905211263534,
  "theta_deg": -7.7514997743776455,
  "scale": 1.027335421824036
}