{
  "source_file": "0337_source.png",
  "tx": 6.774508682791197,
  "ty": 4.935117209500445,
  "theta_deg": -0.35445447352431003,
  "scale": 1.0186445643968627
}