{
  "source_file": "0338_source.png",
  "tx": -7.999847727332126,
  "ty": 5.286907170082461,
  "theta_deg": -4.7554446345382395,
  "scale": 1.0285126396347872
}