{
  "source_file": "0339_source.png",
  "tx": 2.7056816750312525,
  "ty": 0.18156913298587263,
  "theta_deg": 0.720343113216158,
  "scale": 0.9574730806112862
}