{
  "source_file": "0340_source.png",
  "tx": -9.182041792895214,
  "ty": -9.703503702027911,
  "theta_deg": 5.510849349703598,
  "scale": 0.9638495317759773
}