{
  "source_file": "0341_source.png",
  "tx": -7.542669265255045,
  "ty": -2.298744204071159,
  "theta_deg": 9.554059428175211,
  "scale": 1.0385924294792472
}