{
  "source_file": "0342_source.png",
  "tx": -3.734219427120962,
  "ty": 6.395968964761543,
  "theta_deg": -8.298444494172463,
  "scale": 0.9892040339439382
}