{
  "source_file": "0343_source.png",
  "tx": 1.5841157361127003,
  "ty": 9.724938306974522,
  "theta_deg": -9.025860844666031,
  "scale": 0.9912421017251558
}