{
  "source_file": "0344_source.png",
  "tx": 8.392208800092138,
  "ty": -9.4477863539505,
  "theta_deg": 1.9816475781822422,
  "scale": 0.9899393745753813
}