{
  "source_file": "0345_source.png",
  "tx": 1.205369343033846,
  "ty": 4.066988274037879,
  "theta_deg": -1.866091727506955,
  "scale": 1.0392052240504117
}