{
  "source_file": "0346_source.png",
  "tx": 9.114290451011989,
  "ty": 9.70118262564323,
  "theta_deg": -8.904430010512916,
  "scale": 1.0336829457027374
}