{
  "source_file": "0347_source.png",
  "tx": 7.567450186967818,
  "ty": -7.091894811307271,
  "theta_deg": 8.8285899016152,
  "scale": 0.9627113853724609
}