{
  "source_file": "0348_source.png",
  "tx": -5.85371843150962,
  "ty": 9.110934312396438,
  "theta_deg": 6.615663184118635,
  "scale": 1.0076551187557004
}