{
  "source_file": "0349_source.png",
  "tx": -4.243833382744842,
  "ty": -4.945690302307309,
  "theta_deg": -1.9372293822995807,
  "scale": 0.9508993497974524
}