{
  "source_file": "0350_source.png",
  "tx": 2.727183679082474,
  "ty": -8.968997817714616,
  "theta_deg": 5.477042761172248,
  "scale": 0.95701636439279
}