{
  "source_file": "0351_source.png",
  "tx": -9.794912391978654,
  "ty": -4.306859947069583,
  "theta_deg": 5.4538408131673215,
  "scale": 1.0332637025130589
}