{
  "source_file": "0352_source.png",
  "tx": 0.14605524161198247,
  "ty": 8.765945880878906,
  "theta_deg": -7.709659493972271,
  "scale": 0.9832219407010263
}