{
  "source_file": "0353_source.png",
  "tx": 4.806905809124755,
  "ty": -3.5336016360582274,
  "theta_deg": -7.0927850409947375,
  "scale": 1.0078360764317669
}