{
  "source_file": "0354_source.png",
  "tx": -8.748520152846492,
  "ty": -2.5396635819813955,
  "theta_deg": -4.922625206252402,
  "scale": 0.9831812364476141
}