{
  "source_file": "0355_source.png",
  "tx": -0.2963555648146059,
  "ty": 0.7140489707061803,
  "theta_deg": -8.31285088049311,
  "scale": 0.9815528112938677
}