{
  "source_file": "0356_source.png",
  "tx": -2.3260651861808306,
  "ty": -1.9339119580076432,
  "theta_deg": -0.3992929233189475,
  "scale": 0.9925872024287663
}