{
  "source_file": "0357_source.png",
  "tx": -8.519448353879078,
  "ty": -5.613508352082491,
  "theta_deg": 2.8857206403629796,
  "scale": 1.0328764013010905
}