{
  "source_file": "0358_source.png",
  "tx": 0.22881229421363436,
  "ty": -7.0362046540820185,
  "theta_deg": -8.590659924868726,
  "scale": 0.965589419778024
}