{
  "source_file": "0359_source.png",
  "tx": -2.319057040730663,
  "ty": 1.30412833629239,
  "theta_deg": 3.2851447266510174,
  "scale": 1.0024359317627638
}