{
  "source_file": "0360_source.png",
  "tx": 1.3058132384282235,
  "ty": -2.9553318115601668,
  "theta_deg": 3.3119381769533796,
  "scale": 1.0226860243655453
}