{
  "source_file": "0361_source.png",
  "tx": -1.9574919951744558,
  "ty": 6.298249560472115,
  "theta_deg": 4.878640572678224,
  "scale": 1.0404743988978404
}