{
  "source_file": "0362_source.png",
  "tx": -0.6650338303430363,
  "ty": -3.095561380342298,
  "theta_deg": 5.544073358502466,
  "scale": 0.9537593429723407
}