{
  "source_file": "0363_source.png",
  "tx": -2.322474303595423,
  "ty": 9.54386418550995,
  "theta_deg": -3.154722334072149,
  "scale": 1.0012322388640755
}