{
  "source_file": "0364_source.png",
  "tx": -5.004609290605185,
  "ty": -8.461060453162544,
  "theta_deg": -7.780965064765457,
  "scale": 0.993521007721562
}