{
  "source_file": "0365_source.png",
  "tx": 2.380046284779084,
  "ty": 0.9149681067898499,
  "theta_deg": 0.3736443084192924,
  "scale": 0.9611650936115842
}