{
  "source_file": "0366_source.png",
  "tx": -9.194814328863474,
  "ty": -2.826076144017491,
  "theta_deg": 8.84969776358556,
  "scale": 0.9679817552424302
}