{
  "source_file": "0367_source.png",
  "tx": -4.614772277169652,
  "ty": -0.33718068063662443,
  "theta_deg": 8.284144085980621,
  "scale": 1.044697436257518
}