{
  "source_file": "0368_source.png",
  "tx": -9.973928509478988,
  "ty": 2.9579120531079557,
  "theta_deg": -5.276837549455351,
  "scale": 1.0154481697659308
}