{
  "source_file": "0369_source.png",
  "tx": 4.856932718346773,
  "ty": 7.742787799873973,
  "theta_deg": 3.6683496538994493,
  "scale": 1.0347209593846944
}