{
  "source_file": "0370_source.png",
  "tx": 5.689598281032101,
  "ty": -6.785677236017933,
  "theta_deg": -9.126144683181455,
  "scale": 1.0238778639437534
}