{
  "source_file": "0371_source.png",
  "tx": 0.5183779684453409,
  "ty": 9.957310099635617,
  "theta_deg": -6.702189172342816,
  "scale": 0.9885269937629575
}