{
  "source_file": "0372_source.png",
  "tx": -4.244328486181783,
  "ty": 7.573946353832806,
  "theta_deg": -0.32608476087022176,
  "scale": 1.0413649581576103
}