{
  "source_file": "0373_source.png",
  "tx": 4.143800058102368,
  "ty": 9.976123366218385,
  "theta_deg": 1.9955803194477557,
  "scale": 1.0476159152916664
}