{
  "source_file": "0374_source.png",
  "tx": -6.531873254243905,
  "ty": -1.1663987762856483,
  "theta_deg": 1.5678240847231741,
  "scale": 1.0478295910581494
}