{
  "source_file": "0375_source.png",
  "tx": 1.357596482254431,
  "ty": 7.305299619595512,
  "theta_deg": 2.5701111769805696,
  "scale": 1.0012401025217272
}