{
  "source_file": "0376_source.png",
  "tx": -2.171172315295311,
  "ty": -2.627319040748133,
  "theta_deg": -4.095639252570553,
  "scale": 0.9711369970850031
}