{
  "source_file": "0377_source.png",
  "tx": 9.251540488272568,
  "ty": 0.7292243223122146,
  "theta_deg": 7.317390729154724,
  "scale": 1.0384963761061914
}