{
  "source_file": "0378_source.png",
  "tx": 8.845997222592686,
  "ty": -5.236663878064521,
  "theta_deg": -3.2454221510913728,
  "scale": 1.0133139879602668
}