{
  "source_file": "0379_source.png",
  "tx": -3.5589190954603334,
  "ty": -7.121438109267039,
  "theta_deg": 5.197184273108954,
  "scale": 1.0050391898847935
}