{
  "source_file": "0380_source.png",
  "tx": 0.7304603911419925,
  "ty": 4.209420769877184,
  "theta_deg": -7.705194965947069,
  "scale": 1.042190900777945
}