{
  "source_file": "0381_source.png",
  "tx": -0.40353831577084165,
  "ty": 3.8365778597476545,
  "theta_deg": 2.006485217502366,
  "scale": 1.0105232926078689
}