{
  "source_file": "0382_source.png",
  "tx": 4.198233604751625,
  "ty": -8.224087127921266,
  "theta_deg": -0.06533564556523608,
  "scale": 0.9710289420885913
}