{
  "source_file": "0383_source.png",
  "tx": -2.206322957063918,
  "ty": 0.2349157932452055,
  "theta_deg": -2.9210272663757397,
  "scale": 0.9906712906921838
}