{
  "source_file": "0384_source.png",
  "tx": 4.617396447172315,
  "ty": -9.133454681621451,
  "theta_deg": 9.13187178924693,
  "scale": 1.0103917522961419
}