{
  "source_file": "0385_source.png",
  "tx": -6.728907250329592,
  "ty": 1.144375273337042,
  "theta_deg": -8.381288759283054,
  "scale": 1.0001473704634352
}