{
  "source_file": "0386_source.png",
  "tx": 3.7726285288394976,
  "ty": -1.6044412830588648,
  "theta_deg": -3.7163736151907845,
  "scale": 1.0173714106848335
}