{
  "source_file": "0387_source.png",
  "tx": 8.705703720454313,
  "ty": 7.472716822783745,
  "theta_deg": -2.292635730735581,
  "scale": 1.0363402239342645
}