{
  "source_file": "0388_source.png",
  "tx": -7.699316756047123,
  "ty": -8.825588027440833,
  "theta_deg": 9.663739377217428,
  "scale": 1.0262908721462838
}