{
  "source_file": "0389_source.png",
  "tx": 2.2997685849968157,
  "ty": 1.1756151077335133,
  "theta_deg": -3.8224210518663204,
  "scale": 1.0399082164577151
}