{
  "source_file": "0390_source.png",
  "tx": 7.055008994956044,
  "ty": -0.3656999208068967,
  "theta_deg": -5.592343964271436,
  "scale": 1.0176395178509272
}