{
  "source_file": "0391_source.png",
  "tx": 4.523784828212463,
  "ty": 9.910125281462989,
  "theta_deg": 5.807563309095613,
  "scale": 0.9591246862010143
}