{
  "source_file": "0392_source.png",
  "tx": 9.798816892136603,
  "ty": 7.090256312505847,
  "theta_deg": 1.6504787673158265,
  "scale": 0.983093114909306
}