{
  "source_file": "0393_source.png",
  "tx": 4.6585540200300635,
  "ty": 1.9324260942076403,
  "theta_deg": -8.084688350390046,
  "scale": 1.0063512625060425
}