{
  "source_file": "0394_source.png",
  "tx": -9.596061402373088,
  "ty": 5.773932948034295,
  "theta_deg": 6.471715112494106,
  "scale": 1.0230115505397985
}