{
  "source_file": "0395_source.png",
  "tx": -8.170431730781333,
  "ty": 1.761874388204598,
  "theta_deg": -2.17208866629242,
  "scale": 0.9628393052311
}