{
  "source_file": "0396_source.png",
  "tx": 7.8418088817250755,
  "ty": 8.845882404898422,
  "theta_deg": 8.445673825013117,
  "scale": 1.0031217828083057
}