{
  "source_file": "0397_source.png",
  "tx": 7.288569790302905,
  "ty": -6.043275702338908,
  "theta_deg": -4.09032118935198,
  "scale": 1.0408711241064248
}