{
  "source_file": "0398_source.png",
  "tx": 1.807479404088685,
  "ty": -5.4796838556372185,
  "theta_deg": -7.39805104197157,
  "scale": 0.9728311920597249
}