{
  "source_file": "0399_source.png",
  "tx": -0.07986235790245821,
  "ty": -3.9302180490987526,
  "theta_deg": 4.688434841664213,
  "scale": 0.977131100896326
}