{
  "source_file": "0400_source.png",
  "tx": -8.431247899479944,
  "ty": 7.964252955230279,
  "theta_deg": 3.2767861197822867,
  "scale": 1.0474064290167828
}