{
  "source_file": "0401_source.png",
  "tx": -6.360058307815358,
  "ty": 7.40775117111032,
  "theta_deg": -9.656089044891496,
  "scale": 1.0037822132248362
}