{
  "source_file": "0402_source.png",
  "tx": -0.405151295944588,
  "ty": -7.476072198843939,
  "theta_deg": 6.302374264791176,
  "scale": 0.9770851933073723
}