{
  "source_file": "0403_source.png",
  "tx": 7.96868305209777,
  "ty": 3.988268914513087,
  "theta_deg": 7.047211034783164,
  "scale": 1.0366480963522708
}