{
  "source_file": "0404_source.png",
  "tx": 5.835659593213592,
  "ty": 4.729767027582808,
  "theta_deg": -9.918589607738632,
  "scale": 0.9643430008172335
}