{
  "source_file": "0405_source.png",
  "tx": -5.857359209606843,
  "ty": 1.5496482961548494,
  "theta_deg": -9.932507661253593,
  "scale": 0.9627156526934162
}