{
  "source_file": "0406_source.png",
  "tx": -0.3006658645643334,
  "ty": -9.178714528185006,
  "theta_deg": -3.625072248342862,
  "scale": 0.9719988343639743
}