{
  "source_file": "0407_source.png",
  "tx": -6.511858931686623,
  "ty": -3.667887052273258,
  "theta_deg": 7.624335354952386,
  "scale": 0.9731442659650902
}