{
  "source_file": "0408_source.png",
  "tx": 2.983176505169027,
  "ty": 4.679963629743707,
  "theta_deg": 3.5056116741139416,
  "scale": 0.9688745462152236
}