{
  "source_file": "0409_source.png",
  "tx": -3.003985510745119,
  "ty": -4.556859232094093,
  "theta_deg": 0.7729265970934129,
  "scale": 1.0469035158177642
}