{
  "source_file": "0410_source.png",
  "tx": -5.642548458913179,
  "ty": 1.0474138546684095,
  "theta_deg": -8.690467301726228,
  "scale": 0.9875567168845201
}