{
  "source_file": "0411_source.png",
  "tx": 9.083459018170348,
  "ty": 8.169546224430448,
  "theta_deg": -8.095877242549069,
  "scale": 1.0352525876004095
}