{
  "source_file": "0412_source.png",
  "tx": 4.314127843118483,
  "ty": 8.358469145785577,
  "theta_deg": -0.783690788718987,
  "scale": 0.9922555008989555
}