{
  "source_file": "0413_source.png",
  "tx": 7.9230594237980405,
  "ty": 0.7231462292495046,
  "theta_deg": 5.227349965467614,
  "scale": 0.9677642105065769
}