{
  "source_file": "0414_source.png",
  "tx": -8.631333222231188,
  "ty": -1.1901234128724347,
  "theta_deg": -3.4589693879831547,
  "scale": 1.0011873454237452
}