{
  "source_file": "0415_source.png",
  "tx": -3.1135332833051477,
  "ty": 7.251760272684638,
  "theta_deg": 4.712098795463495,
  "scale": 0.9883956861120297
}