{
  "source_file": "0416_source.png",
  "tx": -7.482670579518748,
  "ty": 4.196891443796103,
  "theta_deg": 0.821711058800215,
  "scale": 0.9651945282936567
}