{
  "source_file": "0417_source.png",
  "tx": -9.304304971487516,
  "ty": 2.3340036636103516,
  "theta_deg": 0.32495897433302545,
  "scale": 1.0075455278073262
}