{
  "source_file": "0418_source.png",
  "tx": -1.6827757343449363,
  "ty": -0.625763207160432,
  "theta_deg": -2.171475739805448,
  "scale": 0.9587725349497569
}