{
  "source_file": "0419_source.png",
  "tx": 0.7061024609378492,
  "ty": -7.567915393901088,
  "theta_deg": 3.46977240839076,
  "scale": 1.0249418174128586
}