{
  "source_file": "0420_source.png",
  "tx": -6.641419227081298,
  "ty": -5.969766045658343,
  "theta_deg": -5.185777530798714,
  "scale": 1.0098510119154915
}