{
  "source_file": "0421_source.png",
  "tx": -1.8701483205463383,
  "ty": 7.750606064284419,
  "theta_deg": 0.9593433458536254,
  "scale": 1.00256362721228
}