{
  "source_file": "0422_source.png",
  "tx": -5.63012220087852,
  "ty": -8.182854921897507,
  "theta_deg": 8.494199791443076,
  "scale": 0.9599638987430956
}