{
  "source_file": "0423_source.png",
  "tx": -7.395499556691261,
  "ty": -6.093832768464549,
  "theta_deg": 1.5365273534945683,
  "scale": 1.0139033441402148
}