{
  "source_file": "0424_source.png",
  "tx": -1.3672699629132286,
  "ty": -2.102048268209959,
  "theta_deg": 2.820545720003988,
  "scale": 0.9762094450538269
}