{
  "source_file": "0425_source.png",
  "tx": 6.009008954664843,
  "ty": 2.8009946093412843,
  "theta_deg": 2.057252494794053,
  "scale": 0.9528876605263293
}