{
  "source_file": "0426_source.png",
  "tx": -3.092514130430919,
  "ty": 5.377195892990315,
  "theta_deg": -5.881847187570413,
  "scale": 1.0144494176169223
}