{
  "source_file": "0427_source.png",
  "tx": 9.494394391417082,
  "ty": -1.189190415256828,
  "theta_deg": 0.3589452329437126,
  "scale": 0.9712040132475447
}