{
  "source_file": "0428_source.png",
  "tx": -9.859664716817647,
  "ty": -5.267977348902633,
  "theta_deg": -0.5632006985830316,
  "scale": 1.0104271369249114
}