{
  "source_file": "0429_source.png",
  "tx": 6.7185885681147255,
  "ty": -4.199622960063389,
  "theta_deg": -3.419111112056048,
  "scale": 1.0220648638434953
}