{
  "source_file": "0430_source.png",
  "tx": 3.285625263642144,
  "ty": 4.2904499616413965,
  "theta_deg": 7.545695255824253,
  "scale": 0.9588681307541449
}