{
  "source_file": "0431_source.png",
  "tx": -7.510272439326757,
  "ty": -0.07314944705830584,
  "theta_deg": 2.2520918579938094,
  "scale": 1.0154071517946999
}