{
  "source_file": "0432_source.png",
  "tx": -5.398050120292213,
  "ty": -7.278080372608051,
  "theta_deg": 8.428717237640328,
  "scale": 0.974007085604125
}