{
  "source_file": "0433_source.png",
  "tx": -9.643435256940089,
  "ty": -4.341749229434586,
  "theta_deg": 0.3439984984077604,
  "scale": 1.0133354025856838
}