{
  "source_file": "0434_source.png",
  "tx": 4.784180473859019,
  "ty": -7.088224721587424,
  "theta_deg": 0.15752320311486834,
  "scale": 0.9820194145168918
}