{
  "source_file": "0435_source.png",
  "tx": 4.493670325813371,
  "ty": -2.8101153815280604,
  "theta_deg": 6.222867345935679,
  "scale": 0.969161962866954
}