{
  "source_file": "0436_source.png",
  "tx": 9.894040121911974,
  "ty": 0.4287926401670088,
  "theta_deg": -1.5230973584912064,
  "scale": 1.0225657207799284
}