{
  "source_file": "0437_source.png",
  "tx": -2.423093409126807,
  "ty": -9.290423819016873,
  "theta_deg": -1.182471502258963,
  "scale": 0.9787794132750106
}