{
  "source_file": "0438_source.png",
  "tx": 3.224232815960397,
  "ty": 0.5342914444252571,
  "theta_deg": 6.6019623879139715,
  "scale": 0.9989279123767638
}