{
  "source_file": "0439_source.png",
  "tx": -6.8930821738532755,
  "ty": -7.027913350436377,
  "theta_deg": 1.4524631842064135,
  "scale": 0.9764873986997172
}