{
  "source_file": "0440_source.png",
  "tx": -5.76801432419207,
  "ty": 8.835654282238625,
  "theta_deg": -7.214074814104423,
  "scale": 1.0416070489949945
}