{
  "source_file": "0441_source.png",
  "tx": 0.7245506977761877,
  "ty": 8.738163885395789,
  "theta_deg": 6.78066164826064,
  "scale": 0.9798878295347498
}