{
  "source_file": "0442_source.png",
  "tx": -0.5960670749995138,
  "ty": -8.294339972368137,
  "theta_deg": -2.6665729809721173,
  "scale": 1.0426727280754768
}