{
  "source_file": "0443_source.png",
  "tx": -7.980006412524778,
  "ty": -5.087255161937341,
  "theta_deg": -9.14547159819184,
  "scale": 1.036082826339187
}