{
  "source_file": "0444_source.png",
  "tx": 3.671751738196626,
  "ty": 1.7869043478767495,
  "theta_deg": -0.6869434086256945,
  "scale": 0.976004358185176
}