{
  "source_file": "0445_source.png",
  "tx": 1.7168707038247337,
  "ty": 4.054311597718456,
  "theta_deg": 5.859993007238206,
  "scale": 0.9662474186998528
}