{
  "source_file": "0446_source.png",
  "tx": 2.506071645315341,
  "ty": 3.576515886555619,
  "theta_deg": 1.623475096841931,
  "scale": 1.0227754211274185
}