{
  "source_file": "0447_source.png",
  "tx": 0.35567271111286836,
  "ty": 9.092801287273637,
  "theta_deg": 3.0037073691871097,
  "scale": 1.0128047676706249
}