{
  "source_file": "0448_source.png",
  "tx": -9.73684471451133,
  "ty": -7.12916423276522,
  "theta_deg": 2.021430682363082,
  "scale": 1.0266911654709494
}