{
  "source_file": "0449_source.png",
  "tx": -7.114837636922424,
  "ty": 2.736571575921495,
  "theta_deg": -6.913072489465475,
  "scale": 1.0263204044182987
}