{
  "source_file": "0450_source.png",
  "tx": 6.424104510551725,
  "ty": 2.41227972169405,
  "theta_deg": -8.641722037552901,
  "scale": 0.9779438436742574
}