{
  "source_file": "0451_source.png",
  "tx": -4.609374162113737,
  "ty": -0.6433292363292775,
  "theta_deg": 5.60130272179425,
  "scale": 1.0078317831604537
}