{
  "source_file": "0452_source.png",
  "tx": 9.839122301564188,
  "ty": 4.164942961147663,
  "theta_deg": -7.172818656637274,
  "scale": 1.047912914642326
}