{
  "source_file": "0453_source.png",
  "tx": -8.827744372630459,
  "ty": -3.342855981895494,
  "theta_deg": 2.745025516717698,
  "scale": 0.9890486552607795
}