{
  "source_file": "0454_source.png",
  "tx": -9.556550087954445,
  "ty": -4.070308260186581,
  "theta_deg": -5.162666259363506,
  "scale": 1.0276149035164315
}