{
  "source_file": "0455_source.png",
  "tx": 1.8510786773021977,
  "ty": -7.120082043430632,
  "theta_deg": 7.452114451362135,
  "scale": 0.9712998557485489
}