{
  "source_file": "0456_source.png",
  "tx": -3.6064329782005355,
  "ty": 7.494467945498446,
  "theta_deg": 5.304327197444545,
  "scale": 0.9920831088559633
}