{
  "source_file": "0457_source.png",
  "tx": 0.3854348581607283,
  "ty": 9.583380390580004,
  "theta_deg": 4.216127147061838,
  "scale": 1.021572915143879
}