{
  "source_file": "0458_source.png",
  "tx": 3.1156434913389575,
  "ty": 9.764769433176369,
  "theta_deg": 8.48017859465379,
  "scale": 0.9798239365927403
}