{
  "source_file": "0459_source.png",
  "tx": -1.0968408511510308,
  "ty": 2.7137223287937893,
  "theta_deg": -5.261991649741747,
  "scale": 1.0147283950908657
}