{
  "source_file": "0460_source.png",
  "tx": 8.065457161511262,
  "ty": -3.874486225145337,
  "theta_deg": -2.6415492378237886,
  "scale": 0.9949939638571915
}