{
  "source_file": "0461_source.png",
  "tx": -2.2736463001316887,
  "ty": 2.866448379650759,
  "theta_deg": -8.960615749427088,
  "scale": 1.0276736078942477
}