{
  "source_file": "0462_source.png",
  "tx": -4.293154253007128,
  "ty": 2.440121735925212,
  "theta_deg": -1.5226341086317952,
  "scale": 1.011128909023817
}