{
  "source_file": "0463_source.png",
  "tx": 1.3789739822734592,
  "ty": 0.3511569193982904,
  "theta_deg": -6.7935368660902995,
  "scale": 0.9507522748908313
}