{
  "source_file": "0464_source.png",
  "tx": -7.860464775596636,
  "ty": -2.3021321433849096,
  "theta_deg": -4.858050316894111,
  "scale": 0.998479702234426
}