{
  "source_file": "0465_source.png",
  "tx": -0.5833726726860995,
  "ty": 0.3077667063710532,
  "theta_deg": -7.34580597152161,
  "scale": 0.9997408779473098
}