{
  "source_file": "0466_source.png",
  "tx": 9.009736012445163,
  "ty": -6.560252652468767,
  "theta_deg": -9.689132689275056,
  "scale": 0.9838888363999978
}