{
  "source_file": "0467_source.png",
  "tx": 4.169987396443087,
  "ty": 7.215016605583482,
  "theta_deg": -7.814641049869319,
  "scale": 0.9531202759117461
}