{
  "source_file": "0468_source.png",
  "tx": -3.79726509413135,
  "ty": 2.4406894625084448,
  "theta_deg": 8.408136992534764,
  "scale": 0.9830423536973478
}