{
  "source_file": "0469_source.png",
  "tx": 5.5872459607255465,
  "ty": -7.449666118305707,
  "theta_deg": 2.8194511121400563,
  "scale": 0.9749963517170326
}