{
  "source_file": "0470_source.png",
  "tx": 5.223565507087207,
  "ty": 8.24251733308715,
  "theta_deg": -1.1718675235262168,
  "scale": 1.0187218351944083
}