{
  "source_file": "0471_source.png",
  "tx": -2.9192478317487813,
  "ty": 6.98145112937102,
  "theta_deg": -1.7973251097454561,
  "scale": 1.008407786567187
}