{
  "source_file": "0472_source.png",
  "tx": 9.729089451998028,
  "ty": 1.152743816494315,
  "theta_deg": -0.943395028856644,
  "scale": 0.9596060246345051
}