{
  "source_file": "0473_source.png",
  "tx": 8.9924160843625,
  "ty": 0.49799425285097065,
  "theta_deg": 4.015826342442104,
  "scale": 1.0154582183659118
}