{
  "source_file": "0474_source.png",
  "tx": -5.25112906198104,
  "ty": 2.7414135218892337,
  "theta_deg": -8.067424085459578,
  "scale": 0.9557288405860308
}