{
  "source_file": "0475_source.png",
  "tx": 6.818266406108513,
  "ty": 2.0156409100321504,
  "theta_deg": -3.972548502898105,
  "scale": 1.0026839592489771
}