{
  "source_file": "0476_source.png",
  "tx": 1.158049653289659,
  "ty": 3.5555653776790557,
  "theta_deg": -9.997314368371576,
  "scale": 0.9644448369752775
}