{
  "source_file": "0477_source.png",
  "tx": -8.136603334649905,
  "ty": 5.061720958014913,
  "theta_deg": -0.9533056844944312,
  "scale": 0.9698396602591582
}