{
  "source_file": "0478_source.png",
  "tx": -2.510278838644857,
  "ty": 3.3890918748823964,
  "theta_deg": -0.7755185273993632,
  "scale": 1.0045859047555978
}