{
  "source_file": "0479_source.png",
  "tx": 8.750665403861618,
  "ty": -1.9935360528745996,
  "theta_deg": -7.934921532163772,
  "scale": 0.9607138449919447
}