{
  "source_file": "0480_source.png",
  "tx": 4.494347156245189,
  "ty": -3.750608482245646,
  "theta_deg": -7.699238881316717,
  "scale": 1.0278181160250592
}