{
  "source_file": "0481_source.png",
  "tx": 7.7763913709705434,
  "ty": -7.952863194829485,
  "theta_deg": 2.330276711089832,
  "scale": 1.0240488358295903
}