{
  "source_file": "0482_source.png",
  "tx": -5.083307039581005,
  "ty": 6.733377592453909,
  "theta_deg": 3.680248285018017,
  "scale": 0.9944569797557399
}