{
  "source_file": "0483_source.png",
  "tx": -6.685687532239992,
  "ty": -4.843344255650937,
  "theta_deg": 6.589363171797917,
  "scale": 0.9667807828186877
}