{
  "source_file": "0484_source.png",
  "tx": 4.0926669287302015,
  "ty": 1.4188516180594632,
  "theta_deg": 1.2143599060942467,
  "scale": 0.9516331672376246
}