{
  "source_file": "0485_source.png",
  "tx": -7.545974239640776,
  "ty": -3.803908663561291,
  "theta_deg": 2.606584842283956,
  "scale": 0.988143541819349
}