{
  "source_file": "0486_source.png",
  "tx": -4.870162945495499,
  "ty": -2.323183532129665,
  "theta_deg": -0.7376848690014519,
  "scale": 1.0094583187287143
}