{
  "source_file": "0487_source.png",
  "tx": 1.1949491257876783,
  "ty": -2.639639647815728,
  "theta_deg": -1.4907545388046302,
  "scale": 1.0306239247384432
}