{
  "source_file": "0488_source.png",
  "tx": 1.7803064615916497,
  "ty": 9.40969391866923,
  "theta_deg": 2.0494743039765737,
  "scale": 0.9783290627202488
}