{
  "source_file": "0489_source.png",
  "tx": 0.2623115947605399,
  "ty": -0.541963334547706,
  "theta_deg": 7.058521771928678,
  "scale": 1.023749954601792
}