{
  "source_file": "0490_source.png",
  "tx": 7.6117553926349615,
  "ty": 4.356587067806501,
  "theta_deg": -4.934484162243187,
  "scale": 0.9772815300340962
}