{
  "source_file": "0491_source.png",
  "tx": -6.723831864222085,
  "ty": 7.580840322709189,
  "theta_deg": 8.001656154136953,
  "scale": 0.9823564385195663
}