{
  "source_file": "0492_source.png",
  "tx": -9.53552717382996,
  "ty": -0.5146486130506744,
  "theta_deg": 5.767589053736762,
  "scale": 1.0202956537055348
}