{
  "source_file": "0493_source.png",
  "tx": 3.5120743881456544,
  "ty": -9.579702618387769,
  "theta_deg": -7.961687526213415,
  "scale": 1.0229215908926437
}