{
  "source_file": "0494_source.png",
  "tx": 6.371022895162113,
  "ty": -6.355649352411166,
  "theta_deg": 6.327603219251817,
  "scale": 1.045128041282307
}