{
  "source_file": "0495_source.png",
  "tx": 2.0326941209691327,
  "ty": 1.034403314127946,
  "theta_deg": -9.34155292935009,
  "scale": 0.9913943029135974
}