{
  "source_file": "0496_source.png",
  "tx": -0.6600921165847335,
  "ty": 9.069081675577134,
  "theta_deg": -1.1827761876974492,
  "scale": 0.9511910968999546
}