{
  "source_file": "0497_source.png",
  "tx": 1.3420021837994476,
  "ty": -8.637582139618093,
  "theta_deg": 9.840391893912095,
  "scale": 1.0159692496715138
}