{
  "source_file": "0498_source.png",
  "tx": 4.38178904637873,
  "ty": 3.8697437452954286,
  "theta_deg": 8.819922440342665,
  "scale": 0.9904947307806005
}