{
  "source_file": "0499_source.png",
  "tx": -4.4211890983786795,
  "ty": -8.42570566712718,
  "theta_deg": -9.543579288638561,
  "scale": 0.9977175509314548
}