{
  "source_file": "0500_source.png",
  "tx": 4.874034575034676,
  "ty": 4.784823941386758,
  "theta_deg": -9.94250115786738,
  "scale": 1.011665999364231
}