{
  "source_file": "0501_source.png",
  "tx": 6.63564350672846,
  "ty": 7.338994277650151,
  "theta_deg": 5.392497003363566,
  "scale": 0.9918880749112943
}