{
  "source_file": "0502_source.png",
  "tx": 4.07915272024683,
  "ty": 4.030670267872605,
  "theta_deg": -8.715931179755842,
  "scale": 0.9538888402924492
}