{
  "source_file": "0503_source.png",
  "tx": -3.077347818178639,
  "ty": 2.867114754395619,
  "theta_deg": -2.3806739178899816,
  "scale": 1.0144989719208792
}