{
  "source_file": "0504_source.png",
  "tx": 5.230254924353408,
  "ty": 5.427551900179202,
  "theta_deg": -4.336333500637721,
  "scale": 1.0471737171713578
}