{
  "source_file": "0505_source.png",
  "tx": 1.0758921505002625,
  "ty": 2.558071678120271,
  "theta_deg": 2.704170836289519,
  "scale": 1.0173346180357883
}