{
  "source_file": "0506_source.png",
  "tx": -6.919841408865837,
  "ty": 3.49159610636989,
  "theta_deg": -1.369250577995329,
  "scale": 1.0468689668140456
}