{
  "source_file": "0507_source.png",
  "tx": 4.283003497032654,
  "ty": 9.479802682126252,
  "theta_deg": 9.821203167332268,
  "scale": 1.0333999998642984
}