{
  "source_file": "0508_source.png",
  "tx": 1.7238620999125143,
  "ty": 2.013519153293384,
  "theta_deg": -0.6062955338261204,
  "scale": 0.9869674558222701
}