{
  "source_file": "0509_source.png",
  "tx": -1.6251856360003796,
  "ty": 8.269854722292791,
  "theta_deg": 2.926096733273271,
  "scale": 0.9669927227099687
}