{
  "source_file": "0510_source.png",
  "tx": -9.254787053992981,
  "ty": -1.2169764997602535,
  "theta_deg": -1.182674719339193,
  "scale": 0.9565824722362432
}