{
  "source_file": "0511_source.png",
  "tx": -5.46485722210541,
  "ty": -3.371989543581206,
  "theta_deg": -2.4653422796671016,
  "scale": 1.0124903733572792
}