{
  "source_file": "0512_source.png",
  "tx": -6.880176785133758,
  "ty": 6.435741318898451,
  "theta_deg": -0.05777405541424585,
  "scale": 0.9569125367520305
}