{
  "source_file": "0513_source.png",
  "tx": -8.008263531748959,
  "ty": 8.86347168742785,
  "theta_deg": -9.360295649046424,
  "scale": 1.0148983150643232
}