{
  "source_file": "0514_source.png",
  "tx": -6.420258431149783,
  "ty": 3.08410428765265,
  "theta_deg": 9.75187315225299,
  "scale": 1.0418204081647637
}