{
  "source_file": "0515_source.png",
  "tx": -1.2548706419503155,
  "ty": -1.3699297339447796,
  "theta_deg": -4.211202949754642,
  "scale": 0.9940414006348798
}