{
  "source_file": "0516_source.png",
  "tx": 9.158474137087186,
  "ty": -9.242806708902958,
  "theta_deg": -0.4232924941407461,
  "scale": 1.0395725852967557
}