{
  "source_file": "0517_source.png",
  "tx": -7.867777547097214,
  "ty": -7.665586102962543,
  "theta_deg": 6.295417209418417,
  "scale": 0.9782826220495361
}