{
  "source_file": "0518_source.png",
  "tx": 5.958721236178555,
  "ty": -3.9638566387910874,
  "theta_deg": -9.353869917098592,
  "scale": 1.0319834055507178
}