{
  "source_file": "0519_source.png",
  "tx": -3.3636087536649857,
  "ty": -0.773888667253587,
  "theta_deg": -8.802966212446348,
  "scale": 1.0150832963817658
}