{
  "source_file": "0520_source.png",
  "tx": 6.579057469026793,
  "ty": -5.6048806115940835,
  "theta_deg": 8.6641269109817,
  "scale": 1.01335950740379
}