{
  "source_file": "0521_source.png",
  "tx": 0.9639496993256778,
  "ty": -5.8829786810850715,
  "theta_deg": 7.5213685733144295,
  "scale": 0.9923949048224402
}