{
  "source_file": "0522_source.png",
  "tx": -9.146765948166474,
  "ty": 8.515568985258938,
  "theta_deg": -2.623050360817847,
  "scale": 0.9794589991188293
}