{
  "source_file": "0523_source.png",
  "tx": -8.839995711867108,
  "ty": -9.338084664235907,
  "theta_deg": -9.137923098231264,
  "scale": 1.037496084417374
}