{
  "source_file": "0524_source.png",
  "tx": 7.357602889722699,
  "ty": -0.6053606198184074,
  "theta_deg": -8.37505048729338,
  "scale": 0.963925296828314
}