{
  "source_file": "0525_source.png",
  "tx": 8.950453064223016,
  "ty": 1.214223822199676,
  "theta_deg": 5.911833957079658,
  "scale": 0.9576831986822165
}