{
  "source_file": "0526_source.png",
  "tx": -8.693618236850753,
  "ty": 5.542530664956487,
  "theta_deg": -7.683823823665428,
  "scale": 1.0320701450855376
}