{
  "source_file": "0527_source.png",
  "tx": 8.688986523036665,
  "ty": -1.3433787107018738,
  "theta_deg": -7.697382796767325,
  "scale": 1.0217622226920715
}