{
  "source_file": "0528_source.png",
  "tx": -1.086276622534177,
  "ty": 0.028225440849540817,
  "theta_deg": 7.759732480057071,
  "scale": 1.0039856330319281
}