{
  "source_file": "0529_source.png",
  "tx": -7.2360663331988295,
  "ty": -2.5497728988723782,
  "theta_deg": 6.993229452093541,
  "scale": 1.0011445851102483
}