{
  "source_file": "0530_source.png",
  "tx": -8.385061230282817,
  "ty": 0.13086944196068728,
  "theta_deg": -9.298097978469697,
  "scale": 1.0379306819685123
}