{
  "source_file": "0531_source.png",
  "tx": -5.037703053018509,
  "ty": 4.58356183636001,
  "theta_deg": 9.892858770212541,
  "scale": 1.0396364766148958
}