{
  "source_file": "0532_source.png",
  "tx": 0.572582917646729,
  "ty": -3.517055725798997,
  "theta_deg": 3.974953379014565,
  "scale": 1.0046611319425633
}