{
  "source_file": "0533_source.png",
  "tx": 8.176044271396854,
  "ty": -5.156494145693207,
  "theta_deg": 3.869102908901283,
  "scale": 0.96524853825938
}