{
  "source_file": "0534_source.png",
  "tx": -1.8981564268744755,
  "ty": 5.5478128741180015,
  "theta_deg": -2.7130011118668236,
  "scale": 0.9783624298441255
}