{
  "source_file": "0535_source.png",
  "tx": -2.941954209595097,
  "ty": -2.5269186465493583,
  "theta_deg": -9.840457439238007,
  "scale": 0.9643123040033905
}