{
  "source_file": "0536_source.png",
  "tx": 4.811524850352306,
  "ty": 3.8557450785471037,
  "theta_deg": 3.04964779365468,
  "scale": 0.9636853510038667
}