{
  "source_file": "0537_source.png",
  "tx": -7.68335881405525,
  "ty": -0.208959320984075,
  "theta_deg": -0.3219162424440576,
  "scale": 0.9625799546208362
}