{
  "source_file": "0538_source.png",
  "tx": 9.316458293907285,
  "ty": 6.346884539552249,
  "theta_deg": 7.444338804606701,
  "scale": 0.9672192014139132
}