{
  "source_file": "0539_source.png",
  "tx": 3.1307277606871065,
  "ty": 6.264616362304075,
  "theta_deg": -3.529703438266292,
  "scale": 1.0485346769040793
}