{
  "source_file": "0540_source.png",
  "tx": -8.098505213606934,
  "ty": 5.8645807944219825,
  "theta_deg": -7.107775713162092,
  "scale": 0.9751313346035039
}