{
  "source_file": "0541_source.png",
  "tx": -6.20963042456027,
  "ty": -7.685206589462994,
  "theta_deg": 3.417852474807253,
  "scale": 0.9742959189061984
}