{
  "source_file": "0542_source.png",
  "tx": 5.9850592016268696,
  "ty": 5.388895735613229,
  "theta_deg": 9.148431461280147,
  "scale": 1.027469180471151
}