{
  "source_file": "0543_source.png",
  "tx": 9.800616560557579,
  "ty": 1.1465159590418672,
  "theta_deg": -9.360189789864881,
  "scale": 0.9832008460399274
}