{
  "source_file": "0544_source.png",
  "tx": -2.118401075341138,
  "ty": 9.326314591946737,
  "theta_deg": -1.577403018312701,
  "scale": 0.9770171230870301
}