{
  "source_file": "0545_source.png",
  "tx": 5.99492626774963,
  "ty": 8.395647892643911,
  "theta_deg": -9.066503235024125,
  "scale": 1.0480971971658573
}