{
  "source_file": "0546_source.png",
  "tx": 4.453616452151916,
  "ty": 9.915041079361192,
  "theta_deg": 2.971149149017041,
  "scale": 0.9507784752350742
}