{
  "source_file": "0547_source.png",
  "tx": 3.5664965609710393,
  "ty": -5.465393862776342,
  "theta_deg": 9.76928382753577,
  "scale": 1.0432083970450077
}