{
  "source_file": "0548_source.png",
  "tx": 7.215164717889053,
  "ty": 4.17321207809742,
  "theta_deg": -4.932127539918119,
  "scale": 1.0426640532543372
}