{
  "source_file": "0549_source.png",
  "tx": 6.452301073638246,
  "ty": 2.678568231076788,
  "theta_deg": -6.580946520354911,
  "scale": 0.9699247284767357
}