{
  "source_file": "0550_source.png",
  "tx": 1.3383857325030064,
  "ty": 1.8659941962287814,
  "theta_deg": -1.8397742084925568,
  "scale": 1.0313518633647099
}