{
  "source_file": "0551_source.png",
  "tx": 3.5675451223002845,
  "ty": -4.838889091433636,
  "theta_deg": -9.399117112334254,
  "scale": 1.010678756355259
}