{
  "source_file": "0552_source.png",
  "tx": -3.412040893437922,
  "ty": 7.796719134530079,
  "theta_deg": -5.31590855374194,
  "scale": 1.0048633305865884
}