{
  "source_file": "0553_source.png",
  "tx": -6.041422946031416,
  "ty": 9.334579114850456,
  "theta_deg": 2.858790836199976,
  "scale": 1.0253083354664358
}