{
  "source_file": "0554_source.png",
  "tx": 7.817126540761151,
  "ty": -0.9223646110686623,
  "theta_deg": 0.9348083523250583,
  "scale": 0.9949639138528344
}