{
  "source_file": "0555_source.png",
  "tx": 2.3815628829217026,
  "ty": -3.304922735148164,
  "theta_deg": 6.439272067941214,
  "scale": 0.9865217619516189
}