{
  "source_file": "0556_source.png",
  "tx": 5.427660166022543,
  "ty": -9.666024831117621,
  "theta_deg": -2.7263012251193963,
  "scale": 0.997989430926317
}