{
  "source_file": "0557_source.png",
  "tx": 8.021032248146408,
  "ty": 4.447324973451103,
  "theta_deg": 4.676085391957923,
  "scale": 1.0136644496064087
}