{
  "source_file": "0558_source.png",
  "tx": 8.014969788221467,
  "ty": 4.498394562131363,
  "theta_deg": 2.62949286430665,
  "scale": 1.042085600931223
}