{
  "source_file": "0559_source.png",
  "tx": 5.28390431402296,
  "ty": -9.704228987260105,
  "theta_deg": 7.372387637344797,
  "scale": 0.9688192461540113
}