{
  "source_file": "0560_source.png",
  "tx": 4.967502131213484,
  "ty": -1.7323553923392776,
  "theta_deg": -2.153901284672539,
  "scale": 0.9653854114403784
}