{
  "source_file": "0561_source.png",
  "tx": -1.4227115539797364,
  "ty": 9.98887888263657,
  "theta_deg": 6.5458105446003465,
  "scale": 1.0236741421525841
}