{
  "source_file": "0562_source.png",
  "tx": 2.8587473554769076,
  "ty": -5.7064863662870735,
  "theta_deg": -8.736630573710292,
  "scale": 1.0432720751749565
}