{
  "source_file": "0563_source.png",
  "tx": 8.170941556771446,
  "ty": -9.955621763943334,
  "theta_deg": 8.221720902416067,
  "scale": 1.0248860584084563
}