{
  "source_file": "0564_source.png",
  "tx": -8.025093377221264,
  "ty": -6.915549449579164,
  "theta_deg": -6.472606301615977,
  "scale": 0.9756608102631644
}