{
  "source_file": "0565_source.png",
  "tx": 8.056476659308032,
  "ty": -1.5764015435529473,
  "theta_deg": 0.7695437562912222,
  "scale": 0.9924343567270718
}