{
  "source_file": "0566_source.png",
  "tx": -0.7180540084888669,
  "ty": -4.98386776369056,
  "theta_deg": -3.6975809548781786,
  "scale": 0.975244941355057
}