{
  "source_file": "0567_source.png",
  "tx": -4.302051458445857,
  "ty": 2.1584165861981432,
  "theta_deg": -9.533728584655574,
  "scale": 1.0437286918209143
}