{
  "source_file": "0568_source.png",
  "tx": 0.27481570054506754,
  "ty": 0.04245865389638226,
  "theta_deg": -1.5624428879838188,
  "scale": 1.0231005837441471
}