{
  "source_file": "0569_source.png",
  "tx": 5.226092548173034,
  "ty": 4.447396552004076,
  "theta_deg": 9.307930472725324,
  "scale": 0.9914496902790256
}