{
  "source_file": "0570_source.png",
  "tx": -8.287132836562614,
  "ty": 5.966720473505907,
  "theta_deg": 4.249456496749193,
  "scale": 0.9525450282017265
}