{
  "source_file": "0571_source.png",
  "tx": -0.1435946406832329,
  "ty": 6.1954844579123005,
  "theta_deg": 8.965387870896944,
  "scale": 0.9849680807808765
}