{
  "source_file": "0572_source.png",
  "tx": -0.5650024825445996,
  "ty": -1.10191098512942,
  "theta_deg": 4.881818403757773,
  "scale": 1.020345423295985
}