{
  "source_file": "0573_source.png",
  "tx": -0.5019501480215851,
  "ty": -6.299633412631271,
  "theta_deg": 1.742819064075448,
  "scale": 0.9524989996903878
}