{
  "source_file": "0574_source.png",
  "tx": -2.885062067173722,
  "ty": -3.842763836617409,
  "theta_deg": -8.666300740956547,
  "scale": 0.9597393558660976
}