{
  "source_file": "0575_source.png",
  "tx": 5.766324640265241,
  "ty": -0.9368721203688946,
  "theta_deg": -7.425692083976275,
  "scale": 1.0433990661033294
}