{
  "source_file": "0576_source.png",
  "tx": -3.687051557597057,
  "ty": -1.1954613238405276,
  "theta_deg": 3.8962870809653065,
  "scale": 0.965453104293898
}