{
  "source_file": "0577_source.png",
  "tx": 5.649950348684056,
  "ty": 6.906403489763399,
  "theta_deg": -0.17496029419584858,
  "scale": 1.0209456172026343
}