{
  "source_file": "0578_source.png",
  "tx": 4.4675817788388965,
  "ty": 9.837387684594677,
  "theta_deg": 5.50495520903495,
  "scale": 0.9860770068484322
}