{
  "source_file": "0579_source.png",
  "tx": 0.2138223147098337,
  "ty": -2.1232186536269104,
  "theta_deg": 0.7021089866978087,
  "scale": 1.0395765122735237
}