{
  "source_file": "0580_source.png",
  "tx": -8.07610209186112,
  "ty": 7.884259988328299,
  "theta_deg": 0.07815750534224186,
  "scale": 0.9645401120661574
}