{
  "source_file": "0581_source.png",
  "tx": 8.677821806068017,
  "ty": -6.108716421682909,
  "theta_deg": -9.46044884776545,
  "scale": 0.9970870614632765
}