{
  "source_file": "0582_source.png",
  "tx": 1.4733860676799875,
  "ty": -8.989181199776297,
  "theta_deg": 2.57746822632161,
  "scale": 1.0063120693977037
}