{
  "source_file": "0583_source.png",
  "tx": 1.2629947451188883,
  "ty": -8.380986854066443,
  "theta_deg": -2.865050596003411,
  "scale": 0.9630578666044352
}