{
  "source_file": "0584_source.png",
  "tx": -0.641668749923042,
  "ty": -2.5875814195336595,
  "theta_deg": -3.4033106113597107,
  "scale": 1.0381798484181455
}