{
  "source_file": "0585_source.png",
  "tx": 2.484897625022498,
  "ty": -7.798876269692245,
  "theta_deg": 3.1473665398879103,
  "scale": 1.0496246290058786
}