{
  "source_file": "0586_source.png",
  "tx": -2.6941606133441436,
  "ty": 5.410463065968475,
  "theta_deg": 3.142967485553152,
  "scale": 0.9975052069164496
}