{
  "source_file": "0587_source.png",
  "tx": -1.907970065941079,
  "ty": -5.721018151740919,
  "theta_deg": -1.644775591076863,
  "scale": 0.9766812815842432
}