{
  "source_file": "0588_source.png",
  "tx": -0.27388119221638085,
  "ty": 3.3875098068714777,
  "theta_deg": 7.737339344139425,
  "scale": 0.9645425278166039
}