{
  "source_file": "0589_source.png",
  "tx": 6.195563704622813,
  "ty": 5.239221814882839,
  "theta_deg": 2.5613894717370567,
  "scale": 0.9692074591425331
}