{
  "source_file": "0590_source.png",
  "tx": -8.5658577368626,
  "ty": -7.2629677556480265,
  "theta_deg": -3.562992012071666,
  "scale": 0.9791372744738305
}