{
  "source_file": "0591_source.png",
  "tx": 6.2079416885783125,
  "ty": -3.1281736126480393,
  "theta_deg": -6.754611065809975,
  "scale": 1.0475720898267271
}