{
  "source_file": "0592_source.png",
  "tx": 4.097868254759716,
  "ty": 6.066170516475115,
  "theta_deg": -0.05558562959004476,
  "scale": 0.9596898962085583
}