{
  "source_file": "0593_source.png",
  "tx": 1.7251857525919227,
  "ty": -1.1051388488454332,
  "theta_deg": -3.6390055456469277,
  "scale": 0.9587481704808305
}