{
  "source_file": "0594_source.png",
  "tx": -3.6777595932520235,
  "ty": -4.553791890280978,
  "theta_deg": -2.874756207699294,
  "scale": 1.0213334068647986
}