{
  "source_file": "0595_source.png",
  "tx": -7.667331380776831,
  "ty": -2.4231785055905286,
  "theta_deg": 5.177316118440235,
  "scale": 0.9809688361982106
}