{
  "source_file": "0596_source.png",
  "tx": 7.119448000501485,
  "ty": 7.281201482043183,
  "theta_deg": -6.215551695472832,
  "scale": 1.0149587797391604
}