{
  "source_file": "0597_source.png",
  "tx": 2.7883291522491955,
  "ty": -6.604895763413379,
  "theta_deg": 1.1555341123094962,
  "scale": 0.9975242010940508
}