{
  "source_file": "0598_source.png",
  "tx": -5.185236173963663,
  "ty": 4.259965646814958,
  "theta_deg": 7.907591500819585,
  "scale": 1.0396484424957277
}