{
  "source_file": "0599_source.png",
  "tx": -7.8846311493236705,
  "ty": -2.4229562663708437,
  "theta_deg": -8.214988948245388,
  "scale": 0.9963862094913704
}