{
  "source_file": "0600_source.png",
  "tx": 3.263611665489151,
  "ty": 4.137716463305958,
  "theta_deg": -8.845894050395504,
  "scale": 0.9613042385512542
}