{
  "source_file": "0601_source.png",
  "tx": 2.6432700633609514,
  "ty": 6.698627681144945,
  "theta_deg": 2.150252743374903,
  "scale": 0.9593912506709334
}