{
  "source_file": "0602_source.png",
  "tx": -8.363237891091115,
  "ty": 1.6122153549894964,
  "theta_deg": -5.661906919868549,
  "scale": 1.0247631541636912
}