{
  "source_file": "0603_source.png",
  "tx": -3.957396917764486,
  "ty": 6.518781096184366,
  "theta_deg": 8.041988338842874,
  "scale": 1.003106177935457
}