{
  "source_file": "0604_source.png",
  "tx": 4.053299466793202,
  "ty": 5.281327864187418,
  "theta_deg": 2.5334242246421503,
  "scale": 1.0146795532170796
}