{
  "source_file": "0605_source.png",
  "tx": -1.9263656048635696,
  "ty": 7.856246962463786,
  "theta_deg": -6.455953729734471,
  "scale": 0.9661841860599919
}