{
  "source_file": "0606_source.png",
  "tx": 4.487711949001618,
  "ty": -5.7715665344459754,
  "theta_deg": 0.402422222004752,
  "scale": 1.0401463730382294
}