{
  "source_file": "0607_source.png",
  "tx": -2.848369825521777,
  "ty": 4.712245383239033,
  "theta_deg": 7.38133950547568,
  "scale": 1.0158653444310743
}