{
  "source_file": "0608_source.png",
  "tx": -8.184098849890567,
  "ty": 0.32702973847595906,
  "theta_deg": 5.940850047575722,
  "scale": 1.0497768896090125
}