{
  "source_file": "0609_source.png",
  "tx": -0.8268064545280573,
  "ty": -8.874768742915041,
  "theta_deg": -3.017153713799006,
  "scale": 0.9999498495654616
}