{
  "source_file": "0610_source.png",
  "tx": 8.588052873485875,
  "ty": -8.696392308823578,
  "theta_deg": 8.316187823511811,
  "scale": 0.993997463907456
}