{
  "source_file": "0611_source.png",
  "tx": -8.009357994687697,
  "ty": 5.03233495722575,
  "theta_deg": -7.578410607224639,
  "scale": 0.9633980141575123
}