{
  "source_file": "0612_source.png",
  "tx": -5.262726751426376,
  "ty": 0.9448026589245657,
  "theta_deg": 3.206367566672041,
  "scale": 1.0360369863685006
}