{
  "source_file": "0613_source.png",
  "tx": 1.7947402557994856,
  "ty": 2.749788888772457,
  "theta_deg": -0.37612350264197403,
  "scale": 1.0004304557934263
}