{
  "source_file": "0614_source.png",
  "tx": 3.259315919567765,
  "ty": -4.601101163970435,
  "theta_deg": -4.080162194635594,
  "scale": 1.0122978819045254
}