{
  "source_file": "0615_source.png",
  "tx": 2.4347977216301775,
  "ty": -6.3960800660270145,
  "theta_deg": -6.085794940518985,
  "scale": 1.0048433867909987
}