{
  "source_file": "0616_source.png",
  "tx": 6.664839552364882,
  "ty": -3.764346027416991,
  "theta_deg": -6.520101858722902,
  "scale": 0.9548547010535892
}