{
  "source_file": "0617_source.png",
  "tx": 0.6033049498024585,
  "ty": 0.5690955462264533,
  "theta_deg": 2.253279471814942,
  "scale": 1.0046565910706795
}