{
  "source_file": "0618_source.png",
  "tx": 3.1790695154350495,
  "ty": 7.402629467819686,
  "theta_deg": -3.6500120746776137,
  "scale": 1.0296041990353841
}