{
  "source_file": "0619_source.png",
  "tx": -5.465217232926786,
  "ty": -3.382580430538715,
  "theta_deg": -0.11232716667167963,
  "scale": 1.001963347734458
}