{
  "source_file": "0620_source.png",
  "tx": 4.753671861394244,
  "ty": -9.478956911668046,
  "theta_deg": 4.768276435410444,
  "scale": 1.030612886056159
}