{
  "source_file": "0621_source.png",
  "tx": -9.972032445066045,
  "ty": 1.2398281469700017,
  "theta_deg": -9.625456653182171,
  "scale": 0.9638318752981817
}