{
  "source_file": "0622_source.png",
  "tx": 7.423787878362813,
  "ty": -8.90076692087409,
  "theta_deg": 8.148003714059552,
  "scale": 1.0167490446521297
}