{
  "source_file": "0623_source.png",
  "tx": 5.318518737362437,
  "ty": 3.5045203637954465,
  "theta_deg": 5.167623196505584,
  "scale": 1.0231963129172763
}