{
  "source_file": "0624_source.png",
  "tx": 7.89719041955442,
  "ty": -2.8030943936944164,
  "theta_deg": -2.3437276502752873,
  "scale": 1.0149426139529976
}