{
  "source_file": "0625_source.png",
  "tx": 0.6032841830853357,
  "ty": 3.570452628207084,
  "theta_deg": -2.636814430955006,
  "scale": 0.9918725067450119
}