{
  "source_file": "0626_source.png",
  "tx": -2.15726439360944,
  "ty": -9.2073035841678,
  "theta_deg": 4.736909601534736,
  "scale": 1.0068962425048298
}