{
  "source_file": "0627_source.png",
  "tx": 7.718965030599186,
  "ty": 4.758137764151659,
  "theta_deg": -1.7019173274239474,
  "scale": 1.027544589490568
}