{
  "source_file": "0628_source.png",
  "tx": -8.731793078942939,
  "ty": 2.7225208475165594,
  "theta_deg": 8.623824851427756,
  "scale": 1.0391611723510648
}