{
  "source_file": "0629_source.png",
  "tx": -3.6718358471398655,
  "ty": -4.388633536841251,
  "theta_deg": -4.102837476577539,
  "scale": 1.0386650982889567
}