{
  "source_file": "0630_source.png",
  "tx": -3.1549812073025407,
  "ty": -1.7330112321433884,
  "theta_deg": -3.4061660157194185,
  "scale": 0.9766226012381811
}