{
  "source_file": "0631_source.png",
  "tx": 7.401970968300326,
  "ty": -1.1266631198883825,
  "theta_deg": 0.6842978793504617,
  "scale": 0.9901337896813808
}