{
  "source_file": "0632_source.png",
  "tx": -3.293188224759305,
  "ty": -1.9281557214314127,
  "theta_deg": 7.897715979176876,
  "scale": 0.9780317678516025
}