{
  "source_file": "0633_source.png",
  "tx": 3.934566529731791,
  "ty": -5.718871676813859,
  "theta_deg": 8.184243845019743,
  "scale": 0.9966925745850254
}