{
  "source_file": "0634_source.png",
  "tx": -4.02447202754513,
  "ty": -1.428589114645682,
  "theta_deg": 4.795145068689131,
  "scale": 1.035640856570412
}