{
  "source_file": "0635_source.png",
  "tx": 6.251911324625375,
  "ty": -7.403802883714537,
  "theta_deg": 9.346121725274521,
  "scale": 0.997732322804899
}