{
  "source_file": "0636_source.png",
  "tx": 9.022090582988142,
  "ty": -6.583749856869421,
  "theta_deg": 8.818275768344556,
  "scale": 0.9692963503881765
}