{
  "source_file": "0637_source.png",
  "tx": 7.387815256677889,
  "ty": -4.586382135360115,
  "theta_deg": 6.819012687540585,
  "scale": 0.9663815376067545
}