{
  "source_file": "0638_source.png",
  "tx": 7.0951606608863536,
  "ty": 3.2272920735115633,
  "theta_deg": -7.572023051789049,
  "scale": 1.0436861203969392
}