{
  "source_file": "0639_source.png",
  "tx": -1.319541935830081,
  "ty": -6.326152068938611,
  "theta_deg": 6.87338559908682,
  "scale": 0.9554398510723435
}