{
  "source_file": "0640_source.png",
  "tx": -9.235333397536271,
  "ty": 4.744856356770391,
  "theta_deg": -8.202576817642772,
  "scale": 1.024641144814109
}