{
  "source_file": "0641_source.png",
  "tx": -8.110653626463485,
  "ty": 8.793325214278791,
  "theta_deg": -7.253160007723627,
  "scale": 1.0062943847550923
}