{
  "source_file": "0642_source.png",
  "tx": 2.921771907672495,
  "ty": -2.675857380051796,
  "theta_deg": -8.083955440421907,
  "scale": 0.9988291733902797
}