{
  "source_file": "0643_source.png",
  "tx": -3.286933664461868,
  "ty": 7.818724590878503,
  "theta_deg": -5.936693607682884,
  "scale": 0.9723778931524532
}