{
  "source_file": "0644_source.png",
  "tx": 1.9438509002465771,
  "ty": -1.1202002163161247,
  "theta_deg": -4.260407373987373,
  "scale": 0.9640341605382925
}