{
  "source_file": "0645_source.png",
  "tx": 6.79625168325569,
  "ty": -8.089031912526261,
  "theta_deg": 8.07930770344856,
  "scale": 1.0440442813316535
}