{
  "source_file": "0646_source.png",
  "tx": -7.394954982708059,
  "ty": 8.492739154077903,
  "theta_deg": -4.685795117076424,
  "scale": 1.0292469737502747
}