{
  "source_file": "0647_source.png",
  "tx": -3.5067657874309566,
  "ty": -1.0881134886928105,
  "theta_deg": 4.209854503874812,
  "scale": 1.0046239361912317
}