{
  "source_file": "0648_source.png",
  "tx": 5.091739310375306,
  "ty": -2.073834089708604,
  "theta_deg": -8.753877552060596,
  "scale": 0.9843460846209546
}