{
  "source_file": "0649_source.png",
  "tx": 7.6927003634316975,
  "ty": 6.046574314072043,
  "theta_deg": 8.523644570632158,
  "scale": 1.0089191363184953
}