{
  "source_file": "0650_source.png",
  "tx": -3.4357882938516067,
  "ty": -0.3657127010784915,
  "theta_deg": -0.13619224772784477,
  "scale": 0.9745011541125295
}