{
  "source_file": "0651_source.png",
  "tx": 7.425347226045634,
  "ty": -8.818585970272254,
  "theta_deg": -3.3686175690562736,
  "scale": 1.0478143335057741
}