{
  "source_file": "0652_source.png",
  "tx": 1.2068778687839306,
  "ty": 8.876531937450164,
  "theta_deg": -9.87568217637418,
  "scale": 1.0311646182986831
}