{
  "source_file": "0653_source.png",
  "tx": 2.510477328254769,
  "ty": 7.12811248618938,
  "theta_deg": 4.69225161638985,
  "scale": 1.0499863062555783
}