{
  "source_file": "0654_source.png",
  "tx": -3.2450813531699634,
  "ty": 4.879896112407888,
  "theta_deg": 6.892380546027482,
  "scale": 1.019328359564846
}