{
  "source_file": "0655_source.png",
  "tx": 5.82534214698695,
  "ty": 6.383253332274993,
  "theta_deg": -4.564303089943822,
  "scale": 0.978323292753951
}