{
  "source_file": "0656_source.png",
  "tx": -1.9104656787719279,
  "ty": -9.524511276333541,
  "theta_deg": 8.101001151745209,
  "scale": 1.0311069720322585
}