{
  "source_file": "0657_source.png",
  "tx": -7.363497941671639,
  "ty": 6.372214153495499,
  "theta_deg": -3.4088170084616927,
  "scale": 1.0106812783744552
}