{
  "source_file": "0658_source.png",
  "tx": -0.21604481331740288,
  "ty": -1.106286047858367,
  "theta_deg": 2.180229920840544,
  "scale": 1.040737132098692
}