{
  "source_file": "0659_source.png",
  "tx": -1.7179169047619265,
  "ty": -9.46677948553675,
  "theta_deg": 7.027613994241012,
  "scale": 1.045190068764703
}