{
  "source_file": "0660_source.png",
  "tx": 6.14353624159639,
  "ty": -6.866547751686573,
  "theta_deg": -1.576420982985713,
  "scale": 1.0256882388233588
}