{
  "source_file": "0661_source.png",
  "tx": 7.272220917466527,
  "ty": 7.39725393280775,
  "theta_deg": 8.472732385128776,
  "scale": 1.0141613764901707
}