{
  "source_file": "0662_source.png",
  "tx": -7.2267164428033,
  "ty": -1.5968430308408,
  "theta_deg": 9.189914217528777,
  "scale": 0.9632225779383459
}