{
  "source_file": "0663_source.png",
  "tx": 8.65898230099787,
  "ty": -2.8084373499491218,
  "theta_deg": 1.8175837648692212,
  "scale": 1.031345257224464
}