{
  "source_file": "0664_source.png",
  "tx": -8.141617589845826,
  "ty": -7.752803980972843,
  "theta_deg": -0.4326449349842587,
  "scale": 1.0404324000459972
}