{
  "source_file": "0665_source.png",
  "tx": 9.405515319897379,
  "ty": 3.0860584888849036,
  "theta_deg": -6.170358951731217,
  "scale": 1.029342157287204
}