{
  "source_file": "0666_source.png",
  "tx": -2.4755991503877617,
  "ty": -4.713790065788411,
  "theta_deg": 1.7982261259375338,
  "scale": 0.99429253183946
}