{
  "source_file": "0667_source.png",
  "tx": 0.3838228806162487,
  "ty": 9.408909372830696,
  "theta_deg": -9.23245529658638,
  "scale": 1.0373550910098661
}