{
  "source_file": "0668_source.png",
  "tx": -1.3301952314348036,
  "ty": 6.914700302903494,
  "theta_deg": 7.521506064676807,
  "scale": 1.023685467053182
}