{
  "source_file": "0669_source.png",
  "tx": -0.5248586811349121,
  "ty": 0.43476236161416004,
  "theta_deg": 1.921571303860885,
  "scale": 0.9895514830879056
}