{
  "source_file": "0670_source.png",
  "tx": 4.270828783518468,
  "ty": 7.095041097934136,
  "theta_deg": -3.26106917643955,
  "scale": 1.045450464614357
}