{
  "source_file": "0671_source.png",
  "tx": 1.2544143719806513,
  "ty": -4.1272971330856585,
  "theta_deg": -6.7452165220585325,
  "scale": 1.0226339069876953
}