{
  "source_file": "0672_source.png",
  "tx": -4.378249764486551,
  "ty": 6.177690173710712,
  "theta_deg": 8.939024823721802,
  "scale": 0.9852497978031799
}