{
  "source_file": "0673_source.png",
  "tx": -2.4403519698458,
  "ty": -3.9640029055520953,
  "theta_deg": -4.886673731992872,
  "scale": 1.0498662461510828
}