{
  "source_file": "0674_source.png",
  "tx": 6.554221535875524,
  "ty": 7.3016678401426205,
  "theta_deg": -9.44614191844251,
  "scale": 1.045239154924754
}