{
  "source_file": "0675_source.png",
  "tx": 6.477397244819414,
  "ty": 6.465399740012099,
  "theta_deg": 8.53228425835512,
  "scale": 0.9911716662930872
}