{
  "source_file": "0676_source.png",
  "tx": -8.462563801318625,
  "ty": 1.3889289274762273,
  "theta_deg": 0.7138499718005455,
  "scale": 0.9715931015640605
}