{
  "source_file": "0677_source.png",
  "tx": 4.84788096736372,
  "ty": 9.703651898785346,
  "theta_deg": 4.325437636343645,
  "scale": 1.0294142574803027
}