{
  "source_file": "0678_source.png",
  "tx": 5.454737420312437,
  "ty": 6.210118665717776,
  "theta_deg": -6.808070873330707,
  "scale": 1.0105595183285625
}