{
  "source_file": "0679_source.png",
  "tx": 2.1663534713312913,
  "ty": 7.480651432113916,
  "theta_deg": -1.2419791853193765,
  "scale": 0.9760170908375115
}