{
  "source_file": "0680_source.png",
  "tx": 0.7324338050005288,
  "ty": -0.12799068193633545,
  "theta_deg": -9.663455836653172,
  "scale": 0.9548776116924176
}