{
  "source_file": "0681_source.png",
  "tx": -6.237872068384622,
  "ty": -0.1485669978452897,
  "theta_deg": 3.1708680390233823,
  "scale": 1.0020983206412961
}