{
  "source_file": "0682_source.png",
  "tx": 1.4976808042279028,
  "ty": 9.83999111770219,
  "theta_deg": -8.247134067066979,
  "scale": 0.9872701368077851
}