{
  "source_file": "0683_source.png",
  "tx": 0.9073398720776886,
  "ty": 5.813055932644225,
  "theta_deg": 7.674272207500088,
  "scale": 1.0120239908504531
}