{
  "source_file": "0684_source.png",
  "tx": 3.111387239367069,
  "ty": 7.887039415024461,
  "theta_deg": 5.839783583012785,
  "scale": 1.0080770792840366
}