{
  "source_file": "0685_source.png",
  "tx": -9.756397817443867,
  "ty": -1.7478259870347905,
  "theta_deg": -8.58228186835031,
  "scale": 1.0462977523207346
}