{
  "source_file": "0686_source.png",
  "tx": 6.532682294626543,
  "ty": -3.0805503099104996,
  "theta_deg": -7.991049393952951,
  "scale": 1.006408638618209
}