{
  "source_file": "0687_source.png",
  "tx": -2.9578365328381278,
  "ty": 4.465310575738338,
  "theta_deg": 6.745939499424686,
  "scale": 1.0096977896311172
}