{
  "source_file": "0688_source.png",
  "tx": 6.366363525461811,
  "ty": -9.830509955887353,
  "theta_deg": -5.330827113857232,
  "scale": 0.9930651840346112
}