{
  "source_file": "0689_source.png",
  "tx": -0.6995097854880772,
  "ty": 6.254787892732214,
  "theta_deg": -6.4899060592065965,
  "scale": 1.0072892177509567
}