{
  "source_file": "0690_source.png",
  "tx": 0.7585300605815313,
  "ty": 2.9578040207133576,
  "theta_deg": -9.726165284389335,
  "scale": 0.9543730525654587
}