{
  "source_file": "0691_source.png",
  "tx": -8.182145636176498,
  "ty": -2.1321130717299486,
  "theta_deg": 1.9550302885854176,
  "scale": 1.0234006808846308
}