{
  "source_file": "0692_source.png",
  "tx": 3.0181593519445187,
  "ty": -7.849760051099541,
  "theta_deg": 7.31653497232378,
  "scale": 0.9894507992307682
}