{
  "source_file": "0693_source.png",
  "tx": 6.327172708955899,
  "ty": -6.5768109497058225,
  "theta_deg": -2.394165690794523,
  "scale": 1.0170435229829304
}