{
  "source_file": "0694_source.png",
  "tx": 2.6017575591752227,
  "ty": 0.3758099974678508,
  "theta_deg": 8.462771104855264,
  "scale": 1.0311558770807625
}