{
  "source_file": "0695_source.png",
  "tx": 1.917052156636327,
  "ty": 3.5533051240812448,
  "theta_deg": -1.6960150759746782,
  "scale": 1.001290183495135
}