{
  "source_file": "0696_source.png",
  "tx": 2.6051606308957176,
  "ty": 6.748161439330428,
  "theta_deg": -6.000440666333757,
  "scale": 0.9957724092363851
}