{
  "source_file": "0697_source.png",
  "tx": -6.319184963716933,
  "ty": -6.055997280424787,
  "theta_deg": -9.286404073233982,
  "scale": 0.9619181910855041
}