{
  "source_file": "0698_source.png",
  "tx": 5.1470076029811995,
  "ty": -3.4009744624941334,
  "theta_deg": -3.904987902298556,
  "scale": 0.9643883877847331
}