{
  "source_file": "0699_source.png",
  "tx": 1.5276357115162131,
  "ty": -1.6982844061092717,
  "theta_deg": -8.894703247361521,
  "scale": 0.9882586619240774
}