{
  "source_file": "0700_source.png",
  "tx": 6.152174638287924,
  "ty": 5.135453577168308,
  "theta_deg": 9.494783400395846,
  "scale": 1.0357475697382355
}