{
  "source_file": "0701_source.png",
  "tx": -0.04618925417854136,
  "ty": 5.8475217789401235,
  "theta_deg": 5.707777771647907,
  "scale": 0.9910025587392793
}