{
  "source_file": "0702_source.png",
  "tx": -2.257019262204003,
  "ty": 1.201900039886679,
  "theta_deg": -1.1487658495229418,
  "scale": 1.0122938399678023
}