{
  "source_file": "0703_source.png",
  "tx": 6.275452131427141,
  "ty": 8.379388607443317,
  "theta_deg": 2.8665285731605454,
  "scale": 1.0024807886985831
}