{
  "source_file": "0704_source.png",
  "tx": -5.683505756703935,
  "ty": -2.0084641149289233,
  "theta_deg": -5.515071366464143,
  "scale": 1.022884684114338
}