{
  "source_file": "0705_source.png",
  "tx": 0.8058200942038063,
  "ty": -6.9343029141853,
  "theta_deg": -6.695588632921541,
  "scale": 0.9528173769408009
}