{
  "source_file": "0706_source.png",
  "tx": -7.72420538496921,
  "ty": 2.3833669667438766,
  "theta_deg": 2.7528546744260787,
  "scale": 1.0028265808664787
}