{
  "source_file": "0707_source.png",
  "tx": 5.788709846094488,
  "ty": 0.9297736609147478,
  "theta_deg": -4.871739147126622,
  "scale": 1.0265552005086822
}