{
  "source_file": "0708_source.png",
  "tx": -2.6713509652445406,
  "ty": -9.110231173772254,
  "theta_deg": -5.676670861944453,
  "scale": 0.9944748376809517
}