{
  "source_file": "0709_source.png",
  "tx": 2.2623122140846537,
  "ty": 5.590228202455819,
  "theta_deg": 7.229090621459331,
  "scale": 1.0274288595169565
}