{
  "source_file": "0710_source.png",
  "tx": 5.029173381503693,
  "ty": 1.7868948379542342,
  "theta_deg": -6.136006215628001,
  "scale": 1.0166142069585833
}