{
  "source_file": "0711_source.png",
  "tx": 3.887612050675635,
  "ty": -4.638113008130135,
  "theta_deg": -2.5779424859355515,
  "scale": 0.9793828279213108
}