{
  "source_file": "0712_source.png",
  "tx": 9.91301227582436,
  "ty": 3.94233869131722,
  "theta_deg": -2.816554712553594,
  "scale": 0.9694760433708592
}