{
  "source_file": "0713_source.png",
  "tx": -3.189121599107878,
  "ty": -5.176377299534001,
  "theta_deg": 6.615606129059067,
  "scale": 0.9688015503324946
}