{
  "source_file": "0714_source.png",
  "tx": -2.430943530547749,
  "ty": 0.6986494338412879,
  "theta_deg": -4.971251239657565,
  "scale": 0.9668885610775788
}