{
  "source_file": "0715_source.png",
  "tx": 9.227619371762824,
  "ty": 8.073446659844155,
  "theta_deg": -9.462717789814272,
  "scale": 1.0033579265095647
}