{
  "source_file": "0716_source.png",
  "tx": -9.125361064873205,
  "ty": -1.3255507223429,
  "theta_deg": -7.809589318343997,
  "scale": 1.0304523443499212
}