{
  "source_file": "0717_source.png",
  "tx": -5.980131996991611,
  "ty": -3.9879197274935096,
  "theta_deg": -8.283639863309824,
  "scale": 1.0468219526891263
}