{
  "source_file": "0718_source.png",
  "tx": 0.002482380778541682,
  "ty": -1.5561768898221207,
  "theta_deg": 1.0570429791393625,
  "scale": 0.9679468029345595
}