{
  "source_file": "0719_source.png",
  "tx": 5.950096714781132,
  "ty": -4.257706890753054,
  "theta_deg": 6.938529133531681,
  "scale": 1.0239175362578077
}