{
  "source_file": "0720_source.png",
  "tx": -4.106110755507744,
  "ty": -0.27922631807556897,
  "theta_deg": -4.110621475115956,
  "scale": 1.0440196923289011
}