{
  "source_file": "0721_source.png",
  "tx": 6.979499000655423,
  "ty": 0.7798064619696028,
  "theta_deg": 3.7947534383156665,
  "scale": 0.9577686976474529
}