{
  "source_file": "0722_source.png",
  "tx": 6.014660923590945,
  "ty": -2.834065045941079,
  "theta_deg": -4.628708372870878,
  "scale": 0.9827709070804752
}