{
  "source_file": "0723_source.png",
  "tx": 7.784045189037638,
  "ty": -7.9340718997089095,
  "theta_deg": 9.730113020607387,
  "scale": 0.9963579951354251
}