{
  "source_file": "0724_source.png",
  "tx": 2.5477836059392303,
  "ty": 0.13289408827912297,
  "theta_deg": -8.746034363813468,
  "scale": 1.0265734832442603
}