{
  "source_file": "0725_source.png",
  "tx": -1.979021464611698,
  "ty": -0.35765315310760215,
  "theta_deg": 6.430529744877234,
  "scale": 0.9811573538810899
}