{
  "source_file": "0726_source.png",
  "tx": -7.180802034823923,
  "ty": -9.087515263159373,
  "theta_deg": 3.799355894323762,
  "scale": 0.9566335055705802
}