{
  "source_file": "0727_source.png",
  "tx": 1.8689278032647394,
  "ty": -8.63715816097227,
  "theta_deg": -7.741875817046202,
  "scale": 0.9893894107872727
}