{
  "source_file": "0728_source.png",
  "tx": -4.162453617785609,
  "ty": -7.855185206929852,
  "theta_deg": 8.837415818415092,
  "scale": 1.0446472015853783
}