{
  "source_file": "0729_source.png",
  "tx": 9.253327145472799,
  "ty": 9.608462682544427,
  "theta_deg": 8.190615479816415,
  "scale": 1.0066034049161066
}