{
  "source_file": "0730_source.png",
  "tx": -1.9146685322834927,
  "ty": 4.836466969907212,
  "theta_deg": 0.47536542531519643,
  "scale": 0.9727331287317974
}