{
  "source_file": "0731_source.png",
  "tx": 5.514237321227641,
  "ty": -6.738903425120027,
  "theta_deg": 3.0357226890910116,
  "scale": 1.0449766405796013
}