{
  "source_file": "0732_source.png",
  "tx": 0.7060109980782254,
  "ty": -7.091697261340489,
  "theta_deg": -2.8333043328825376,
  "scale": 1.0010763021157738
}