{
  "source_file": "0733_source.png",
  "tx": -1.3583582971389152,
  "ty": -7.018159787148031,
  "theta_deg": 1.963607460087303,
  "scale": 1.0380012558303056
}