{
  "source_file": "0734_source.png",
  "tx": 9.433666518577532,
  "ty": -6.372348701832826,
  "theta_deg": 3.166169504425028,
  "scale": 0.9521763915827471
}