{
  "source_file": "0735_source.png",
  "tx": -7.003610714844686,
  "ty": 0.2675891391193925,
  "theta_deg": 2.128417624762351,
  "scale": 0.974787709193074
}