{
  "source_file": "0736_source.png",
  "tx": 4.694454780968524,
  "ty": 7.841027313757017,
  "theta_deg": 9.401436883734235,
  "scale": 0.9603926820577751
}