{
  "source_file": "0737_source.png",
  "tx": 3.66677648984159,
  "ty": 0.45980507362248346,
  "theta_deg": 3.9615930501086876,
  "scale": 1.0433412883382167
}