{
  "source_file": "0738_source.png",
  "tx": -4.270814011224404,
  "ty": 7.626244219578307,
  "theta_deg": -8.187802551869316,
  "scale": 0.9541328971340445
}