{
  "source_file": "0739_source.png",
  "tx": 8.50172540604849,
  "ty": -4.821413083045021,
  "theta_deg": 4.212963333735045,
  "scale": 0.9719765454464535
}