{
  "source_file": "0740_source.png",
  "tx": 1.7657916104915987,
  "ty": -3.1942936390109944,
  "theta_deg": 4.459978458692824,
  "scale": 1.0244810042536854
}