{
  "source_file": "0741_source.png",
  "tx": 8.046707669853511,
  "ty": 6.067447338833112,
  "theta_deg": -0.9967932404616846,
  "scale": 0.9627313144789962
}