{
  "source_file": "0742_source.png",
  "tx": 3.4278230513412034,
  "ty": -1.2150068678780972,
  "theta_deg": 4.176083994062342,
  "scale": 1.0488193167469164
}