{
  "source_file": "0743_source.png",
  "tx": -3.3045367517730106,
  "ty": -1.126506474929128,
  "theta_deg": -3.1346489887534412,
  "scale": 0.9821292762742397
}