{
  "source_file": "0744_source.png",
  "tx": -5.149957714134985,
  "ty": -2.9426570637933125,
  "theta_deg": -2.759377661764166,
  "scale": 0.9858425586744003
}