{
  "source_file": "0745_source.png",
  "tx": 8.95833368869075,
  "ty": -2.496058910884898,
  "theta_deg": -9.651615709989487,
  "scale": 1.0464846943530979
}