{
  "source_file": "0746_source.png",
  "tx": 1.6205766109295396,
  "ty": -3.835979193374617,
  "theta_deg": 5.875357628292653,
  "scale": 0.9522010069676442
}