{
  "source_file": "0747_source.png",
  "tx": 7.09216607872111,
  "ty": -7.623642636201535,
  "theta_deg": -9.516037637878352,
  "scale": 0.9643375464474596
}