{
  "source_file": "0748_source.png",
  "tx": 6.704293657099637,
  "ty": -8.985368809638441,
  "theta_deg": 8.275687181402432,
  "scale": 0.9791824765233865
}