{
  "source_file": "0749_source.png",
  "tx": -6.060150153365811,
  "ty": 3.100787753084573,
  "theta_deg": -5.151533336005485,
  "scale": 1.0065236673376394
}