{
  "source_file": "0750_source.png",
  "tx": 5.278009805532189,
  "ty": 3.3537427236044532,
  "theta_deg": -3.652332627139156,
  "scale": 1.013332802575931
}