{
  "source_file": "0751_source.png",
  "tx": 2.576170457400684,
  "ty": -9.58527295813537,
  "theta_deg": -0.783215422178813,
  "scale": 1.013272517875959
}