{
  "source_file": "0752_source.png",
  "tx": -2.3683844188135854,
  "ty": -6.791439991402783,
  "theta_deg": 8.252734162346293,
  "scale": 0.9510865987523216
}