{
  "source_file": "0753_source.png",
  "tx": 7.3055018488507635,
  "ty": -6.6659470540483845,
  "theta_deg": 9.827740740741678,
  "scale": 1.0410686135662155
}