{
  "source_file": "0754_source.png",
  "tx": -8.163389061419714,
  "ty": 5.352811821445684,
  "theta_deg": 3.3562612867998745,
  "scale": 1.036464078892895
}