{
  "source_file": "0755_source.png",
  "tx": -0.0721788025843324,
  "ty": -3.758113597959312,
  "theta_deg": 5.815666373750709,
  "scale": 1.0236409080435744
}