{
  "source_file": "0756_source.png",
  "tx": 0.7276563813541141,
  "ty": 9.708052822127495,
  "theta_deg": 5.389495894112933,
  "scale": 0.9997140817250236
}