{
  "source_file": "0757_source.png",
  "tx": 8.51618567358316,
  "ty": 0.11639503057379486,
  "theta_deg": 6.862175133169039,
  "scale": 0.9549952814309133
}