{
  "source_file": "0758_source.png",
  "tx": -7.401823887071268,
  "ty": -5.741183614283479,
  "theta_deg": -5.357817247776129,
  "scale": 0.9640430287313042
}