{
  "source_file": "0759_source.png",
  "tx": -9.169332444597565,
  "ty": 1.1923898892907996,
  "theta_deg": 1.7994160708022289,
  "scale": 1.0226529768136718
}