{
  "source_file": "0760_source.png",
  "tx": 2.2971097281115433,
  "ty": -0.9368648155899209,
  "theta_deg": -1.0017622417997973,
  "scale": 0.9514063289284765
}