{
  "source_file": "0761_source.png",
  "tx": 2.3279876653047644,
  "ty": 2.7182196861606585,
  "theta_deg": 2.5147010210171175,
  "scale": 1.0461698229005771
}