{
  "source_file": "0762_source.png",
  "tx": 4.065519947130458,
  "ty": -5.78534377713005,
  "theta_deg": 2.2123103290035466,
  "scale": 1.005392423491106
}