{
  "source_file": "0763_source.png",
  "tx": 3.4561209979452236,
  "ty": 1.8965259971777275,
  "theta_deg": 5.148728795393129,
  "scale": 0.9958027940769869
}