{
  "source_file": "0764_source.png",
  "tx": 1.337215788272058,
  "ty": 8.512990086176384,
  "theta_deg": -4.721789128080007,
  "scale": 1.016248391797802
}