{
  "source_file": "0765_source.png",
  "tx": 4.758909958745807,
  "ty": 6.423450606167435,
  "theta_deg": 1.4662129736942653,
  "scale": 1.0474188515958855
}