{
  "source_file": "0766_source.png",
  "tx": 9.258560791034888,
  "ty": 0.2745074431902701,
  "theta_deg": -0.9557379116599947,
  "scale": 0.9603252469868637
}