{
  "source_file": "0767_source.png",
  "tx": 1.7432854795801234,
  "ty": -3.779109519318995,
  "theta_deg": 3.75998587552254,
  "scale": 1.0216216321555682
}