{
  "source_file": "0768_source.png",
  "tx": 7.3205100507866945,
  "ty": 4.861999006095948,
  "theta_deg": 6.187967227165746,
  "scale": 1.0341098531821622
}