{
  "source_file": "0769_source.png",
  "tx": 9.917426960906923,
  "ty": -3.41841670383102,
  "theta_deg": 1.7769400932574708,
  "scale": 1.005723648664655
}