{
  "source_file": "0770_source.png",
  "tx": 1.4175062884588492,
  "ty": 3.3555142588935265,
  "theta_deg": 8.738510151268791,
  "scale": 0.9518291510776282
}