{
  "source_file": "0771_source.png",
  "tx": -3.7974791603183267,
  "ty": -0.7481387093409921,
  "theta_deg": 0.336502591661489,
  "scale": 1.04068796263633
}