{
  "source_file": "0772_source.png",
  "tx": -0.007154533152924358,
  "ty": -5.269626487144108,
  "theta_deg": 7.1454135939416155,
  "scale": 1.0014703484634924
}