{
  "source_file": "0773_source.png",
  "tx": 5.686008173497989,
  "ty": -4.717903107285075,
  "theta_deg": 8.899234346190582,
  "scale": 0.9901382659401096
}