{
  "source_file": "0774_source.png",
  "tx": -1.0629271108416916,
  "ty": -0.46483556824772165,
  "theta_deg": -3.380326477453746,
  "scale": 1.0258580057759896
}