{
  "source_file": "0775_source.png",
  "tx": 1.5245805346654144,
  "ty": 2.069806298797589,
  "theta_deg": 2.0190617105982422,
  "scale": 0.9794408106108994
}