{
  "source_file": "0776_source.png",
  "tx": -3.165550724644735,
  "ty": -8.176611937050806,
  "theta_deg": -2.3000592803413404,
  "scale": 0.9762260323865966
}