{
  "source_file": "0777_source.png",
  "tx": -3.026526379831056,
  "ty": 2.4946474904924223,
  "theta_deg": 3.699965022126058,
  "scale": 1.024849240307678
}