{
  "source_file": "0778_source.png",
  "tx": -5.569900764581773,
  "ty": -6.338714130047707,
  "theta_deg": 9.363362707844278,
  "scale": 0.9966474222086815
}