{
  "source_file": "0779_source.png",
  "tx": -0.4848781088015919,
  "ty": -8.339319984714903,
  "theta_deg": 3.741426467502041,
  "scale": 0.9672474373525247
}