{
  "source_file": "0780_source.png",
  "tx": -8.955655280417155,
  "ty": -4.980449771855873,
  "theta_deg": 9.32303009361451,
  "scale": 0.9832437435984417
}