{
  "source_file": "0781_source.png",
  "tx": -8.859518858210311,
  "ty": 3.4058997543473257,
  "theta_deg": -6.5195608181993165,
  "scale": 0.9784731089199745
}