{
  "source_file": "0782_source.png",
  "tx": -0.4775492780930186,
  "ty": 0.8118879056406332,
  "theta_deg": -3.943197977658275,
  "scale": 1.0424769329057135
}