{
  "source_file": "0783_source.png",
  "tx": 5.156764182492704,
  "ty": 2.536139237858613,
  "theta_deg": -8.497873993909382,
  "scale": 1.0318025680996805
}