{
  "source_file": "0784_source.png",
  "tx": 6.583325120778685,
  "ty": 6.167650736695826,
  "theta_deg": 6.6211482319741535,
  "scale": 0.9673793385616603
}