{
  "source_file": "0785_source.png",
  "tx": 7.979006411958419,
  "ty": -4.108359412162863,
  "theta_deg": -4.711405412685361,
  "scale": 0.9501827653091374
}