{
  "source_file": "0786_source.png",
  "tx": -6.844724678402154,
  "ty": -3.048322056720407,
  "theta_deg": -5.333671254885772,
  "scale": 1.0374135238236255
}