{
  "source_file": "0787_source.png",
  "tx": -9.046689513320567,
  "ty": -1.0964863312175979,
  "theta_deg": -2.4228026499490607,
  "scale": 1.036474939136706
}