{
  "source_file": "0788_source.png",
  "tx": 6.708808248743164,
  "ty": -3.5114698074041755,
  "theta_deg": 3.563692422611462,
  "scale": 0.9959213211889015
}