{
  "source_file": "0789_source.png",
  "tx": -4.999095914929796,
  "ty": 3.9317776525127286,
  "theta_deg": -0.6957304324667053,
  "scale": 1.0195554753899077
}