{
  "source_file": "0790_source.png",
  "tx": 4.75895038250745,
  "ty": 1.2393605792151021,
  "theta_deg": -4.713347389594631,
  "scale": 0.9637181796568582
}