{
  "source_file": "0791_source.png",
  "tx": -9.790182224269781,
  "ty": -1.5378417783139113,
  "theta_deg": 3.211767788906082,
  "scale": 1.0326676380492892
}