{
  "source_file": "0792_source.png",
  "tx": -4.302064805920793,
  "ty": -8.635258475912453,
  "theta_deg": -0.3676319741643663,
  "scale": 0.9838473076116243
}