{
  "source_file": "0793_source.png",
  "tx": -3.312264199342339,
  "ty": -9.054364153775598,
  "theta_deg": 0.39863396258362727,
  "scale": 0.9942207109356843
}