{
  "source_file": "0794_source.png",
  "tx": 4.148311021602707,
  "ty": 3.565509292146526,
  "theta_deg": -2.3476156117479308,
  "scale": 0.9542636510165989
}