{
  "source_file": "0795_source.png",
  "tx": 9.431372564784539,
  "ty": -5.9409094280690455,
  "theta_deg": 4.780730175106072,
  "scale": 1.0061418393581056
}