{
  "source_file": "0796_source.png",
  "tx": -9.397640702088596,
  "ty": 4.663609793606225,
  "theta_deg": 9.448930220746448,
  "scale": 0.9649692831920829
}