{
  "source_file": "0797_source.png",
  "tx": 4.306939429191321,
  "ty": 1.4409700769845593,
  "theta_deg": 0.8134696623517854,
  "scale": 0.9933511377719708
}