{
  "source_file": "0798_source.png",
  "tx": -1.0659017767821908,
  "ty": -6.560670429712017,
  "theta_deg": -2.7861066231664484,
  "scale": 1.017546625655533
}