{
  "source_file": "0799_source.png",
  "tx": 6.981843389277863,
  "ty": 4.722596159819339,
  "theta_deg": 2.5250325015406823,
  "scale": 0.9729011948340123
}