{
  "source_file": "0800_source.png",
  "tx": -9.890547832948368,
  "ty": 7.165634167654844,
  "theta_deg": 5.327329289930882,
  "scale": 1.044678615853383
}