{
  "source_file": "0801_source.png",
  "tx": -7.284869850169516,
  "ty": 9.478498190429217,
  "theta_deg": -3.3979188062939025,
  "scale": 1.0063791574277148
}