{
  "source_file": "0802_source.png",
  "tx": -9.612608843806578,
  "ty": 5.88877164330958,
  "theta_deg": 8.699251437578926,
  "scale": 1.0446252067233275
}