{
  "source_file": "0803_source.png",
  "tx": -6.901522416092907,
  "ty": -7.20901144279666,
  "theta_deg": 0.9551413635437633,
  "scale": 0.9907448697007754
}