{
  "source_file": "0804_source.png",
  "tx": -9.625436757617166,
  "ty": -4.235738017517095,
  "theta_deg": 5.574011588619083,
  "scale": 1.0264243580520016
}