{
  "source_file": "0805_source.png",
  "tx": -5.25506696280992,
  "ty": 8.386788965760996,
  "theta_deg": -2.6483694053852176,
  "scale": 1.0269623975212452
}