{
  "source_file": "0806_source.png",
  "tx": -3.1529289355456136,
  "ty": 9.726160403292972,
  "theta_deg": 3.52425615270921,
  "scale": 0.9870956751445359
}