{
  "source_file": "0807_source.png",
  "tx": -8.705708919549767,
  "ty": -6.245536601409949,
  "theta_deg": 8.942786150548955,
  "scale": 1.0075157010945048
}