{
  "source_file": "0808_source.png",
  "tx": 5.996301345573823,
  "ty": -5.743996972424068,
  "theta_deg": 0.4873952545971534,
  "scale": 1.0100288362316263
}