{
  "source_file": "0809_source.png",
  "tx": 8.779810044594512,
  "ty": 0.11160400268653348,
  "theta_deg": 8.478286580972416,
  "scale": 0.981870095865347
}