{
  "source_file": "0810_source.png",
  "tx": 1.6546373903133205,
  "ty": 2.5055582256116775,
  "theta_deg": -8.078737167051289,
  "scale": 0.9665495629293305
}