{
  "source_file": "0811_source.png",
  "tx": -4.891726751928951,
  "ty": -4.754625343285062,
  "theta_deg": -6.30154097155363,
  "scale": 0.9918591963949702
}