{
  "source_file": "0812_source.png",
  "tx": -8.051946711954873,
  "ty": -7.0057063908212,
  "theta_deg": 7.1129060970315585,
  "scale": 0.9679326492072307
}