{
  "source_file": "0813_source.png",
  "tx": -1.0476103766808986,
  "ty": -8.381865862881027,
  "theta_deg": 5.932081993493966,
  "scale": 0.9768073967615838
}