{
  "source_file": "0814_source.png",
  "tx": 3.2494406926367336,
  "ty": 6.386683158345015,
  "theta_deg": -1.7195372332914634,
  "scale": 0.9706929618118152
}