{
  "source_file": "0815_source.png",
  "tx": -6.8458180752131454,
  "ty": -0.8053407084025359,
  "theta_deg": 1.8920562307402733,
  "scale": 1.0158886073498807
}