{
  "source_file": "0816_source.png",
  "tx": 1.7324296687942322,
  "ty": -5.115437244570613,
  "theta_deg": -9.968527948025761,
  "scale": 0.9636480480662298
}