{
  "source_file": "0817_source.png",
  "tx": -1.1782515929393114,
  "ty": 9.378214466302296,
  "theta_deg": 1.35222149024505,
  "scale": 1.0479774900486494
}