{
  "source_file": "0818_source.png",
  "tx": 6.821632244023096,
  "ty": 9.919618127991566,
  "theta_deg": -4.212082233301588,
  "scale": 1.0189872825140691
}