{
  "source_file": "0819_source.png",
  "tx": -1.3824985916798571,
  "ty": 7.420107232114667,
  "theta_deg": 2.266507480931212,
  "scale": 0.9903958824384943
}