{
  "source_file": "0820_source.png",
  "tx": 8.864480925352197,
  "ty": 6.823386392534751,
  "theta_deg": -0.1259990632667236,
  "scale": 0.99251790194418
}