{
  "source_file": "0821_source.png",
  "tx": -1.9345450506467934,
  "ty": -1.899085333787598,
  "theta_deg": -3.8005807733459163,
  "scale": 0.966734634982501
}