{
  "source_file": "0822_source.png",
  "tx": 6.607401865782233,
  "ty": -7.562842293981329,
  "theta_deg": 2.4579650833124767,
  "scale": 0.9659159575218178
}