{
  "source_file": "0823_source.png",
  "tx": 7.356968580180258,
  "ty": -5.443819505264069,
  "theta_deg": -7.4851664520065775,
  "scale": 0.9517778172745214
}