{
  "source_file": "0824_source.png",
  "tx": 8.094619431738568,
  "ty": 5.773379321482681,
  "theta_deg": -3.727807629127984,
  "scale": 1.0364488291353915
}