{
  "source_file": "0825_source.png",
  "tx": 0.16050960955881877,
  "ty": -5.619049621780119,
  "theta_deg": 1.35167059801873,
  "scale": 0.9528566952729057
}