{
  "source_file": "0826_source.png",
  "tx": 3.9139276947696438,
  "ty": -4.575012444404443,
  "theta_deg": -2.5239172554716705,
  "scale": 1.0362776773325424
}