{
  "source_file": "0827_source.png",
  "tx": 2.467628483716801,
  "ty": 9.185500403172846,
  "theta_deg": -5.467673255456845,
  "scale": 0.9506685742889912
}