{
  "source_file": "0828_source.png",
  "tx": 7.039796679632836,
  "ty": 2.182379869661876,
  "theta_deg": -7.338577976790665,
  "scale": 0.9753498842734935
}