{
  "source_file": "0829_source.png",
  "tx": 8.941995149185257,
  "ty": 1.544802457377008,
  "theta_deg": 1.0745536088259655,
  "scale": 1.0270863705317255
}