{
  "source_file": "0830_source.png",
  "tx": 8.025744108529139,
  "ty": -2.1961625569172067,
  "theta_deg": 6.4899734648817,
  "scale": 1.0369082435612682
}