{
  "source_file": "0831_source.png",
  "tx": 9.101415982634599,
  "ty": -0.3919317780167546,
  "theta_deg": 7.852730285251088,
  "scale": 1.0323312473845432
}