{
  "source_file": "0832_source.png",
  "tx": -0.6076084654404355,
  "ty": 4.358172982894519,
  "theta_deg": -7.2991886689097925,
  "scale": 1.0244477760786266
}