{
  "source_file": "0833_source.png",
  "tx": -2.075491747644154,
  "ty": 6.558198693916285,
  "theta_deg": -3.1005715862419647,
  "scale": 1.0297547669280358
}