{
  "source_file": "0834_source.png",
  "tx": -4.197511381341561,
  "ty": -0.025346389372542077,
  "theta_deg": -2.056390239373287,
  "scale": 1.0496381175507072
}