{
  "source_file": "0835_source.png",
  "tx": -5.177875191723058,
  "ty": 6.840692380360004,
  "theta_deg": 6.157642443618954,
  "scale": 1.044674379529093
}