{
  "source_file": "0836_source.png",
  "tx": 3.8549767707007163,
  "ty": -0.06824154221071588,
  "theta_deg": 8.834243335722977,
  "scale": 0.9537760643190397
}