{
  "source_file": "0837_source.png",
  "tx": 8.154740308464145,
  "ty": 4.841129840917004,
  "theta_deg": -5.950130890809309,
  "scale": 0.9792467092649554
}