{
  "source_file": "0838_source.png",
  "tx": 7.278248433073998,
  "ty": -7.925077779724205,
  "theta_deg": -4.594117378729139,
  "scale": 0.9650675317302959
}