{
  "source_file": "0839_source.png",
  "tx": -5.813729419212272,
  "ty": -7.392369335318252,
  "theta_deg": -3.057930438348455,
  "scale": 1.037312262935144
}