{
  "source_file": "0840_source.png",
  "tx": 1.8594750462700063,
  "ty": -6.816313555838198,
  "theta_deg": -7.905025612340193,
  "scale": 1.049798407356894
}