{
  "source_file": "0841_source.png",
  "tx": -4.95232230800757,
  "ty": -4.267820077603779,
  "theta_deg": -6.28552510424242,
  "scale": 0.9779029567337747
}