{
  "source_file": "0842_source.png",
  "tx": 8.892266725861731,
  "ty": -2.578106357477397,
  "theta_deg": -1.7267854123470645,
  "scale": 0.9834335861455269
}