{
  "source_file": "0843_source.png",
  "tx": 1.9154623986911261,
  "ty": 0.4924129881865156,
  "theta_deg": -4.786799274294198,
  "scale": 0.9607671156233889
}