{
  "source_file": "0844_source.png",
  "tx": 1.0942003037863994,
  "ty": 1.1477474583739848,
  "theta_deg": -8.868450368988547,
  "scale": 0.9841479433541046
}