{
  "source_file": "0845_source.png",
  "tx": -1.5169551063462627,
  "ty": -0.3218689866807445,
  "theta_deg": -3.6476454302637062,
  "scale": 1.0169409324134606
}