{
  "source_file": "0846_source.png",
  "tx": 6.025355045332887,
  "ty": -7.613551851324505,
  "theta_deg": -1.5628247038137832,
  "scale": 1.0167618103948373
}