{
  "source_file": "0847_source.png",
  "tx": 1.8518681803623238,
  "ty": 7.448311038329788,
  "theta_deg": 7.4095317376126,
  "scale": 1.0045495453058455
}