{
  "source_file": "0848_source.png",
  "tx": 7.757901806298474,
  "ty": 6.130804269671117,
  "theta_deg": -6.994865083644939,
  "scale": 0.9509254538461952
}