{
  "source_file": "0849_source.png",
  "tx": -2.2705325746696055,
  "ty": -2.6990668757685565,
  "theta_deg": -9.436327908549224,
  "scale": 1.0310424479357083
}