{
  "source_file": "0850_source.png",
  "tx": 0.32703125364710317,
  "ty": 9.519585359009085,
  "theta_deg": 6.669849581072235,
  "scale": 1.0307827998641068
}