{
  "source_file": "0851_source.png",
  "tx": -2.0196453423690164,
  "ty": 8.868481503861393,
  "theta_deg": 4.265591965782356,
  "scale": 0.960503710521621
}