{
  "source_file": "0852_source.png",
  "tx": 1.0764292170186618,
  "ty": -5.775236737316824,
  "theta_deg": 2.8492801718321115,
  "scale": 0.9902439453782982
}