{
  "source_file": "0853_source.png",
  "tx": -9.17931081692503,
  "ty": 7.989755732270158,
  "theta_deg": 8.389844750266715,
  "scale": 1.0136723029274146
}