{
  "source_file": "0854_source.png",
  "tx": -5.84377782340423,
  "ty": -1.7657475814060568,
  "theta_deg": 3.892988062750984,
  "scale": 0.9615859280612922
}