{
  "source_file": "0855_source.png",
  "tx": -5.856272378803502,
  "ty": -8.18954108609449,
  "theta_deg": 8.680148083806408,
  "scale": 1.0254918469365522
}