{
  "source_file": "0856_source.png",
  "tx": -7.2514728794505405,
  "ty": -5.287062537050025,
  "theta_deg": 3.1453986071523516,
  "scale": 1.047370488324129
}