{
  "source_file": "0857_source.png",
  "tx": -5.6923243533164385,
  "ty": 6.964881179435235,
  "theta_deg": -1.2951826752753615,
  "scale": 1.0357468248928263
}