{
  "source_file": "0858_source.png",
  "tx": -9.771869039489117,
  "ty": 0.445926082212706,
  "theta_deg": -1.6268176265462682,
  "scale": 1.028727858673922
}