{
  "source_file": "0859_source.png",
  "tx": 9.223213420749602,
  "ty": -7.965148566361018,
  "theta_deg": 5.064819397922868,
  "scale": 0.9862957826635289
}