{
  "source_file": "0860_source.png",
  "tx": 7.6312447539940145,
  "ty": 7.278064091946469,
  "theta_deg": 9.947923310284136,
  "scale": 1.000933613802098
}