{
  "source_file": "0861_source.png",
  "tx": -0.02435332846226501,
  "ty": -5.7591306319616,
  "theta_deg": -8.976890062366378,
  "scale": 1.0405457024730955
}