{
  "source_file": "0862_source.png",
  "tx": -7.836424519804421,
  "ty": -1.3559298752564573,
  "theta_deg": -7.970971795626054,
  "scale": 0.9537443727999328
}