{
  "source_file": "0863_source.png",
  "tx": -3.4434538586989234,
  "ty": -7.709824797284686,
  "theta_deg": -4.339647148911576,
  "scale": 1.0492792577280388
}