{
  "source_file": "0864_source.png",
  "tx": -5.1893492229731875,
  "ty": 5.757635727973817,
  "theta_deg": 5.7786438719264694,
  "scale": 0.956490108442843
}