{
  "source_file": "0865_source.png",
  "tx": -2.168722528192532,
  "ty": -7.016380443209618,
  "theta_deg": -3.50671451911553,
  "scale": 0.9630451181814179
}