{
  "source_file": "0866_source.png",
  "tx": -7.241661691726453,
  "ty": 4.287970002036969,
  "theta_deg": -8.916253675867258,
  "scale": 0.9976622481250084
}