{
  "source_file": "0867_source.png",
  "tx": 1.035410498846863,
  "ty": -1.513688583825843,
  "theta_deg": -5.049900827187937,
  "scale": 1.0123184985039104
}