{
  "source_file": "0868_source.png",
  "tx": -8.053935418660277,
  "ty": -6.506458712208245,
  "theta_deg": -4.09271492034007,
  "scale": 0.9949177834769474
}