{
  "source_file": "0869_source.png",
  "tx": -5.962535151577417,
  "ty": 2.9866323584310113,
  "theta_deg": -4.762829872096521,
  "scale": 0.9978992418874898
}