{
  "source_file": "0870_source.png",
  "tx": 6.097931035265873,
  "ty": 3.381617689094494,
  "theta_deg": 2.0540663918842093,
  "scale": 1.0332325365915787
}