{
  "source_file": "0871_source.png",
  "tx": -1.9202824904371631,
  "ty": -1.3998370972053724,
  "theta_deg": -2.1881322313616653,
  "scale": 0.963088407907637
}