{
  "source_file": "0872_source.png",
  "tx": 1.9312240990506915,
  "ty": -0.1963178649664421,
  "theta_deg": 5.960007940890549,
  "scale": 1.0108567602217093
}