{
  "source_file": "0873_source.png",
  "tx": -3.094492602017109,
  "ty": 7.185598696147004,
  "theta_deg": -4.469551293939153,
  "scale": 0.9805576357588651
}