{
  "source_file": "0874_source.png",
  "tx": 7.3878188385222785,
  "ty": 9.598402364186768,
  "theta_deg": -5.765443534333943,
  "scale": 0.972474253393225
}