{
  "source_file": "0875_source.png",
  "tx": 1.5863273016969952,
  "ty": -9.511693662356343,
  "theta_deg": 6.30110577269701,
  "scale": 0.9926437451894938
}