{
  "source_file": "0876_source.png",
  "tx": 4.622544013238564,
  "ty": -9.494160477489444,
  "theta_deg": 5.8914547599920795,
  "scale": 1.004839958839819
}