{
  "source_file": "0877_source.png",
  "tx": -9.561387784905438,
  "ty": -9.035025380048836,
  "theta_deg": -1.8597854740366735,
  "scale": 1.0123213166749196
}