{
  "source_file": "0878_source.png",
  "tx": -0.9392180544714712,
  "ty": 2.8747111598046793,
  "theta_deg": 8.00786682304793,
  "scale": 0.9881979659990696
}