{
  "source_file": "0879_source.png",
  "tx": -1.5850141237010433,
  "ty": 5.902833452292096,
  "theta_deg": -9.126768439987083,
  "scale": 0.9839024588796879
}