{
  "source_file": "0880_source.png",
  "tx": -8.750306613885792,
  "ty": 3.07267633145565,
  "theta_deg": 3.4852468617119854,
  "scale": 1.0164008692789817
}