{
  "source_file": "0881_source.png",
  "tx": 2.4098965063617115,
  "ty": 4.920159261131156,
  "theta_deg": -9.721640962822322,
  "scale": 1.0130203429801465
}