{
  "source_file": "0882_source.png",
  "tx": 2.6079058793558296,
  "ty": 6.685431982999425,
  "theta_deg": 5.087458869913359,
  "scale": 0.9534418085308768
}