{
  "source_file": "0883_source.png",
  "tx": 1.8413131804704026,
  "ty": -1.7625552672205202,
  "theta_deg": -4.4076163916713895,
  "scale": 0.9608300590371167
}