{
  "source_file": "0884_source.png",
  "tx": -7.5682315434723035,
  "ty": -6.890147096717101,
  "theta_deg": -5.217867608166575,
  "scale": 0.9983072369680868
}