{
  "source_file": "0885_source.png",
  "tx": 2.094780789888688,
  "ty": -4.80166712401243,
  "theta_deg": -5.9178934915223635,
  "scale": 1.0022052426114352
}