{
  "source_file": "0886_source.png",
  "tx": -0.23936810330336655,
  "ty": -8.496820349733651,
  "theta_deg": -5.429772715260013,
  "scale": 0.9893817392670149
}