{
  "source_file": "0887_source.png",
  "tx": 8.684311309357408,
  "ty": -0.8352705737414183,
  "theta_deg": -5.075031782942094,
  "scale": 1.037376026634264
}