{
  "source_file": "0888_source.png",
  "tx": 9.963755327230377,
  "ty": -6.891397769152679,
  "theta_deg": 7.447391550629938,
  "scale": 0.999087149963054
}