{
  "source_file": "0889_source.png",
  "tx": -4.873404412185984,
  "ty": 6.24449509262433,
  "theta_deg": 0.987996017476025,
  "scale": 1.0052424073183193
}