{
  "source_file": "0890_source.png",
  "tx": 3.9467481768401207,
  "ty": -2.1901950008911575,
  "theta_deg": 4.010732545438604,
  "scale": 1.0241588820314955
}