{
  "source_file": "0891_source.png",
  "tx": 6.17591100019818,
  "ty": -9.03547348427314,
  "theta_deg": -3.8656444271922696,
  "scale": 1.008299510538438
}