{
  "source_file": "0892_source.png",
  "tx": 3.324069150711564,
  "ty": 1.9278375420354248,
  "theta_deg": 6.05894124818699,
  "scale": 0.9832089102063284
}