{
  "source_file": "0893_source.png",
  "tx": 2.7995054228859253,
  "ty": 0.6592847751581736,
  "theta_deg": 6.847935775542034,
  "scale": 0.9798875807678369
}