{
  "source_file": "0894_source.png",
  "tx": 0.693451836940671,
  "ty": -5.252968469260777,
  "theta_deg": 8.494291875574618,
  "scale": 1.0462948379837103
}