{
  "source_file": "0895_source.png",
  "tx": -3.9256858468154476,
  "ty": 7.253962235336601,
  "theta_deg": -1.3131475042744647,
  "scale": 0.9791997274667078
}