{
  "source_file": "0896_source.png",
  "tx": -2.3880661543806436,
  "ty": 4.865309941763732,
  "theta_deg": 9.676987207060922,
  "scale": 1.033036255246165
}