{
  "source_file": "0897_source.png",
  "tx": 6.863342686811816,
  "ty": -3.9343517572756648,
  "theta_deg": -6.098035707835168,
  "scale": 0.9742502491240208
}