{
  "source_file": "0898_source.png",
  "tx": 8.857387234855803,
  "ty": -6.723086637897781,
  "theta_deg": -5.7433623942188365,
  "scale": 1.0293660197144923
}