{
  "source_file": "0899_source.png",
  "tx": 7.340806252946322,
  "ty": -5.1043140479064135,
  "theta_deg": 0.45523582969074106,
  "scale": 0.9864549319389903
}