{
  "source_file": "0900_source.png",
  "tx": 7.263315478887293,
  "ty": 1.7057621406329293,
  "theta_deg": -0.470204585790432,
  "scale": 1.0179645688062469
}