{
  "source_file": "0901_source.png",
  "tx": 9.697958404814639,
  "ty": 2.7751250744610374,
  "theta_deg": 6.162975359572528,
  "scale": 1.0311452278991444
}