{
  "source_file": "0902_source.png",
  "tx": -4.701001940872686,
  "ty": -2.195006997430804,
  "theta_deg": -6.022468652604227,
  "scale": 1.010387607040134
}