{
  "source_file": "0903_source.png",
  "tx": 5.734389284317118,
  "ty": -1.681189175611122,
  "theta_deg": -3.337352291480851,
  "scale": 0.9926958745750194
}