{
  "source_file": "0904_source.png",
  "tx": 4.43110710081724,
  "ty": -9.18744798496736,
  "theta_deg": 8.489157031991653,
  "scale": 1.0161190800012334
}