{
  "source_file": "0905_source.png",
  "tx": 1.4512755856574788,
  "ty": -9.716345979678241,
  "theta_deg": -8.275806302512734,
  "scale": 0.9650982491384497
}