{
  "source_file": "0906_source.png",
  "tx": 2.327955512138322,
  "ty": 1.1843000704927125,
  "theta_deg": -6.716268822609579,
  "scale": 1.0359396582283464
}