{
  "source_file": "0907_source.png",
  "tx": -3.3561589680282573,
  "ty": -7.205170019620121,
  "theta_deg": -4.162523607359903,
  "scale": 1.0250857673009448
}