{
  "source_file": "0908_source.png",
  "tx": -0.27078937787318225,
  "ty": 2.7571898810086104,
  "theta_deg": -4.611983724375119,
  "scale": 1.0120250964117017
}