{
  "source_file": "0909_source.png",
  "tx": -5.0713701345766315,
  "ty": -9.735078678280678,
  "theta_deg": 4.341131154855377,
  "scale": 0.9941795172364438
}