{
  "source_file": "0910_source.png",
  "tx": -3.9682843195921036,
  "ty": 0.5219163030880232,
  "theta_deg": -2.3797006209550826,
  "scale": 1.0307577711462497
}