{
  "source_file": "0911_source.png",
  "tx": 9.407596703002078,
  "ty": 3.042980904571614,
  "theta_deg": -9.230423991808689,
  "scale": 1.0153847909423237
}