{
  "source_file": "0912_source.png",
  "tx": -9.81549955582051,
  "ty": -2.0107428201573523,
  "theta_deg": -8.167570981594498,
  "scale": 1.0363487275789713
}