{
  "source_file": "0913_source.png",
  "tx": -9.477808482615703,
  "ty": 3.5584851915613385,
  "theta_deg": -0.7566173791253021,
  "scale": 1.0009126925708072
}