{
  "source_file": "0914_source.png",
  "tx": -4.821806402911665,
  "ty": -2.459476134314018,
  "theta_deg": -1.341966709542584,
  "scale": 0.9950231723180475
}