{
  "source_file": "0915_source.png",
  "tx": -0.23182508860363527,
  "ty": 6.698410543227979,
  "theta_deg": 2.6173994109032037,
  "scale": 1.0360296946334258
}