{
  "source_file": "0916_source.png",
  "tx": 0.3143780074590161,
  "ty": 0.4716947999014067,
  "theta_deg": 2.575013752226468,
  "scale": 1.0211995809146264
}