{
  "source_file": "0917_source.png",
  "tx": 4.69285977605473,
  "ty": 1.1825686578941497,
  "theta_deg": -2.0030734953707956,
  "scale": 0.9777280287675089
}