{
  "source_file": "0918_source.png",
  "tx": 4.749953090749866,
  "ty": -8.812538337909391,
  "theta_deg": 9.143409978479923,
  "scale": 1.0489818552725327
}