{
  "source_file": "0919_source.png",
  "tx": 7.9354578385686665,
  "ty": 7.744456932908221,
  "theta_deg": 9.145850509445339,
  "scale": 1.0100962501655466
}