{
  "source_file": "0920_source.png",
  "tx": 6.714557975872111,
  "ty": -6.290288551533239,
  "theta_deg": -0.8194306825478925,
  "scale": 0.9522917162463319
}