{
  "source_file": "0921_source.png",
  "tx": -2.9124033078323315,
  "ty": -1.300775721048586,
  "theta_deg": -6.5332636181750186,
  "scale": 1.0213080819896365
}