{
  "source_file": "0922_source.png",
  "tx": -6.472209118051111,
  "ty": -6.790952022338752,
  "theta_deg": 4.989147739558703,
  "scale": 1.041001885909139
}