{
  "source_file": "0923_source.png",
  "tx": 8.504762466460217,
  "ty": 7.336865176560796,
  "theta_deg": -6.025355264437373,
  "scale": 1.010520542375963
}