{
  "source_file": "0924_source.png",
  "tx": 0.6390140322939217,
  "ty": -8.975975803336627,
  "theta_deg": -5.399881299769394,
  "scale": 1.0072326449817113
}