{
  "source_file": "0925_source.png",
  "tx": 7.176886151524958,
  "ty": 5.100143755907453,
  "theta_deg": 6.244728156588295,
  "scale": 0.9954811146943364
}