{
  "source_file": "0926_source.png",
  "tx": 9.073291081915126,
  "ty": 2.2275667312978804,
  "theta_deg": -4.419602524549511,
  "scale": 0.9831009879664924
}