{
  "source_file": "0927_source.png",
  "tx": -2.511743161135107,
  "ty": -7.385529716801875,
  "theta_deg": 2.8642403246420436,
  "scale": 1.0036716618490504
}