{
  "source_file": "0928_source.png",
  "tx": 6.471375485200159,
  "ty": -8.052380533927764,
  "theta_deg": -6.929172848992604,
  "scale": 0.9837958897760853
}