{
  "source_file": "0929_source.png",
  "tx": -5.661704459930701,
  "ty": -4.977362644013031,
  "theta_deg": -2.9593265613118636,
  "scale": 0.9853937419160588
}