{
  "source_file": "0930_source.png",
  "tx": 0.15280751504645984,
  "ty": 4.793808312844256,
  "theta_deg": 0.39434221450927964,
  "scale": 1.0391224033620998
}