{
  "source_file": "0931_source.png",
  "tx": -8.73673201478284,
  "ty": 3.1258144111213397,
  "theta_deg": 3.2255740454697666,
  "scale": 1.0432114847832246
}