{
  "source_file": "0932_source.png",
  "tx": 1.5143924692380235,
  "ty": 4.214439901787067,
  "theta_deg": -0.8109703972570692,
  "scale": 0.9574091723167716
}