{
  "source_file": "0933_source.png",
  "tx": -8.006406169830353,
  "ty": -0.8871674781745131,
  "theta_deg": 2.5494358162006208,
  "scale": 0.9881879737487743
}