{
  "source_file": "0934_source.png",
  "tx": -6.307741044697717,
  "ty": 7.357268864120563,
  "theta_deg": 9.161454593237693,
  "scale": 0.9844207818997919
}