{
  "source_file": "0935_source.png",
  "tx": -4.431607383088885,
  "ty": -7.177758055374303,
  "theta_deg": 9.476567303334914,
  "scale": 1.0066636081363984
}