{
  "source_file": "0936_source.png",
  "tx": 0.9215278803031914,
  "ty": -3.7285471090811173,
  "theta_deg": 6.011227011002507,
  "scale": 0.968850980371444
}