{
  "source_file": "0937_source.png",
  "tx": 3.319096981871617,
  "ty": 3.400882282728441,
  "theta_deg": 8.716932392727855,
  "scale": 1.0333334171921138
}