{
  "source_file": "0938_source.png",
  "tx": -1.110124478078836,
  "ty": 4.467757288997882,
  "theta_deg": 0.14074882989487136,
  "scale": 0.963644834275414
}