{
  "source_file": "0939_source.png",
  "tx": 0.7973751476498787,
  "ty": 4.387453376766821,
  "theta_deg": 8.546181512437148,
  "scale": 1.0055821897134334
}