{
  "source_file": "0940_source.png",
  "tx": -4.696141175156954,
  "ty": 0.2691403577405467,
  "theta_deg": 3.902244378706401,
  "scale": 0.9784488800049417
}