{
  "source_file": "0941_source.png",
  "tx": -7.371760452272122,
  "ty": -6.141682174115477,
  "theta_deg": -3.990699226766276,
  "scale": 0.9707020368040935
}