{
  "source_file": "0942_source.png",
  "tx": -4.112489372013153,
  "ty": -9.156695987551661,
  "theta_deg": -1.2732375337959834,
  "scale": 1.0191354818244303
}