{
  "source_file": "0943_source.png",
  "tx": -9.793233321192767,
  "ty": -6.669746983650198,
  "theta_deg": -7.934968267824345,
  "scale": 0.991903884880633
}