{
  "source_file": "0944_source.png",
  "tx": 7.48798471175639,
  "ty": -4.624095146482256,
  "theta_deg": -1.9684333353626489,
  "scale": 0.9854147959987859
}