{
  "source_file": "0945_source.png",
  "tx": -6.896301102061882,
  "ty": -8.174762677017654,
  "theta_deg": -5.700315287043944,
  "scale": 0.9541955761403382
}