{
  "source_file": "0946_source.png",
  "tx": -2.132785785978111,
  "ty": 5.195005443050608,
  "theta_deg": -4.430742661743501,
  "scale": 1.0489182481134527
}