{
  "source_file": "0947_source.png",
  "tx": 0.08192222047758158,
  "ty": 5.1275065893663765,
  "theta_deg": 1.3598921278120812,
  "scale": 1.006774597642197
}