{
  "source_file": "0948_source.png",
  "tx": 5.63173048067274,
  "ty": 5.68885404571002,
  "theta_deg": -5.89323397264276,
  "scale": 0.96606862609744
}