{
  "source_file": "0949_source.png",
  "tx": -6.316632263187055,
  "ty": -5.369395309139149,
  "theta_deg": -8.432363719481469,
  "scale": 0.9731720174818513
}