{
  "source_file": "0950_source.png",
  "tx": -2.052953627295892,
  "ty": 2.602957598970141,
  "theta_deg": -9.448240079648686,
  "scale": 1.0114641810120613
}