{
  "source_file": "0951_source.png",
  "tx": 4.201756091064288,
  "ty": 7.8301483852416816,
  "theta_deg": 3.1163165039587923,
  "scale": 1.0067365349859279
}