{
  "source_file": "0952_source.png",
  "tx": -4.038673566849191,
  "ty": -2.3555697332535424,
  "theta_deg": 2.264462213772976,
  "scale": 1.0302804236780463
}