{
  "source_file": "0953_source.png",
  "tx": -3.0255420372965025,
  "ty": 3.3171018150158353,
  "theta_deg": -2.7249504292201916,
  "scale": 1.0119020347161156
}