{
  "source_file": "0954_source.png",
  "tx": -9.114040464955448,
  "ty": -7.977371311460672,
  "theta_deg": 3.178033748428712,
  "scale": 1.0357428909770097
}