{
  "source_file": "0955_source.png",
  "tx": -3.794766621412739,
  "ty": 4.811579897867805,
  "theta_deg": 5.440722406348197,
  "scale": 0.9568067110014521
}