{
  "source_file": "0956_source.png",
  "tx": 3.4120401148087076,
  "ty": -1.2967698467501325,
  "theta_deg": -5.9875793017004035,
  "scale": 0.9704397831028154
}