{
  "source_file": "0957_source.png",
  "tx": 6.430484139617022,
  "ty": 3.540799279313685,
  "theta_deg": -1.8932146550394897,
  "scale": 0.9972777388557003
}