{
  "source_file": "0958_source.png",
  "tx": -6.779940850387587,
  "ty": 9.783769250566824,
  "theta_deg": 0.4971697114112299,
  "scale": 0.9573963819888314
}