{
  "source_file": "0959_source.png",
  "tx": -1.7439942619153683,
  "ty": 7.558693095356169,
  "theta_deg": -3.5985332796541636,
  "scale": 1.0232638256096767
}