{
  "source_file": "0960_source.png",
  "tx": -8.398434137341681,
  "ty": 5.353907788457125,
  "theta_deg": 2.246891757880178,
  "scale": 0.9955379349136215
}