{
  "source_file": "0961_source.png",
  "tx": -6.142299367013361,
  "ty": -0.21437411345441149,
  "theta_deg": 5.908606562000278,
  "scale": 0.9551021331233052
}