{
  "source_file": "0962_source.png",
  "tx": -4.992108348147022,
  "ty": -4.164626071121318,
  "theta_deg": -4.111614399502135,
  "scale": 1.0168090562788255
}