{
  "source_file": "0963_source.png",
  "tx": 8.590030935264611,
  "ty": 1.8013401332396732,
  "theta_deg": 3.1217877522085384,
  "scale": 0.9993072361266528
}