{
  "source_file": "0964_source.png",
  "tx": -0.5644791884427374,
  "ty": 4.4223286907222565,
  "theta_deg": 3.68193977389196,
  "scale": 0.986667027276922
}