{
  "source_file": "0965_source.png",
  "tx": -0.4034291775044867,
  "ty": -8.601822755935014,
  "theta_deg": -3.835456786966784,
  "scale": 1.0252523600467822
}