{
  "source_file": "0966_source.png",
  "tx": 9.623172196520947,
  "ty": -0.7326302898327004,
  "theta_deg": -1.1505836776112321,
  "scale": 0.9644730365114431
}