{
  "source_file": "0967_source.png",
  "tx": 3.789492917314334,
  "ty": 7.770338857340679,
  "theta_deg": -8.712705782486896,
  "scale": 1.0147801030914676
}