{
  "source_file": "0968_source.png",
  "tx": -5.816128017464315,
  "ty": -7.291069033418749,
  "theta_deg": 3.3043140956091666,
  "scale": 0.9786057536720089
}