{
  "source_file": "0969_source.png",
  "tx": -8.378249529419149,
  "ty": 4.592484683430921,
  "theta_deg": 7.453179889712679,
  "scale": 1.0084397142602948
}