{
  "source_file": "0970_source.png",
  "tx": 5.346852343289516,
  "ty": 3.8186071658339156,
  "theta_deg": 0.7577340230705509,
  "scale": 0.995583366458473
}