{
  "source_file": "0971_source.png",
  "tx": 1.1063910250132665,
  "ty": -4.443353089496853,
  "theta_deg": -9.896234597913182,
  "scale": 1.01418582118473
}