{
  "source_file": "0972_source.png",
  "tx": 8.012536828935296,
  "ty": -2.960804059835585,
  "theta_deg": -1.2556385922846918,
  "scale": 1.0201503544387454
}