{
  "source_file": "0973_source.png",
  "tx": -9.344728582148445,
  "ty": -5.0268337989999985,
  "theta_deg": 5.408753747950412,
  "scale": 1.015192592957322
}