{
  "source_file": "0974_source.png",
  "tx": -9.066848461545733,
  "ty": -2.4916242853103103,
  "theta_deg": 1.9387193336902229,
  "scale": 0.9617053175474699
}