{
  "source_file": "0975_source.png",
  "tx": 8.81018638883317,
  "ty": -6.523453075566808,
  "theta_deg": 2.1171101998042623,
  "scale": 0.9567010782800274
}