{
  "source_file": "0976_source.png",
  "tx": -4.970671988971982,
  "ty": -7.088790023666627,
  "theta_deg": 5.24102300251476,
  "scale": 1.047945353506934
}