{
  "source_file": "0977_source.png",
  "tx": 7.83853915538301,
  "ty": -5.659197831282055,
  "theta_deg": 2.813446852401942,
  "scale": 1.0407486524727532
}