{
  "source_file": "0978_source.png",
  "tx": 3.1630687442288092,
  "ty": -8.770665406939877,
  "theta_deg": -1.0186970996018232,
  "scale": 0.9831902415689694
}