{
  "source_file": "0979_source.png",
  "tx": 2.919813703279848,
  "ty": -8.765653092444325,
  "theta_deg": 3.1799916321139,
  "scale": 0.9547944746144608
}