{
  "source_file": "0980_source.png",
  "tx": -8.87648751779472,
  "ty": -5.432675338539186,
  "theta_deg": 7.267451793191146,
  "scale": 1.0267926482629361
}