{
  "source_file": "0981_source.png",
  "tx": -4.717293413803036,
  "ty": -9.806703851465981,
  "theta_deg": -4.774993687870406,
  "scale": 1.043314572498514
}