{
  "source_file": "0982_source.png",
  "tx": 1.1130698248522926,
  "ty": -8.399373237747492,
  "theta_deg": 4.501374411344141,
  "scale": 1.0128917370158637
}