{
  "source_file": "0983_source.png",
  "tx": 6.949922391206808,
  "ty": 9.600224375819767,
  "theta_deg": 6.938377996409741,
  "scale": 1.0178556506432255
}