{
  "source_file": "0984_source.png",
  "tx": 7.547570288504879,
  "ty": 2.4143169499346406,
  "theta_deg": -5.771954124996405,
  "scale": 1.0014784067572609
}