{
  "source_file": "0985_source.png",
  "tx": -4.021634828502238,
  "ty": -5.041081881835401,
  "theta_deg": -6.293731428129641,
  "scale": 0.9567365080872153
}