{
  "source_file": "0986_source.png",
  "tx": -4.294638124937209,
  "ty": 7.533814374116975,
  "theta_deg": 0.17084050987103794,
  "scale": 1.0029877447731959
}