{
  "source_file": "0987_source.png",
  "tx": -7.782486770769879,
  "ty": 9.145901858547145,
  "theta_deg": -7.589918401876514,
  "scale": 1.0465178414581833
}