{
  "source_file": "0988_source.png",
  "tx": -6.272893873568126,
  "ty": -9.015299915003707,
  "theta_deg": 8.817454808797162,
  "scale": 0.9531030897538939
}