{
  "source_file": "0989_source.png",
  "tx": -4.561083476077908,
  "ty": 3.187007270263827,
  "theta_deg": 1.454022970337693,
  "scale": 1.0232540696396972
}