{
  "source_file": "0990_source.png",
  "tx": -3.6926820522635273,
  "ty": 5.048224928516699,
  "theta_deg": -8.894220450927044,
  "scale": 0.9533138521177947
}