{
  "source_file": "0991_source.png",
  "tx": -5.331004441602449,
  "ty": 6.546588886907848,
  "theta_deg": -7.758826966532057,
  "scale": 1.0235069914276784
}