{
  "source_file": "0992_source.png",
  "tx": 8.849881388266478,
  "ty": 9.41895957281639,
  "theta_deg": -8.173745530138902,
  "scale": 0.9755859929819741
}