{
  "source_file": "0993_source.png",
  "tx": -8.84765178342597,
  "ty": 5.240768657122805,
  "theta_deg": -1.5333924839148434,
  "scale": 0.9764834510319916
}