{
  "source_file": "0994_source.png",
  "tx": 8.033754791474625,
  "ty": 1.8197821975537174,
  "theta_deg": 9.520214010737831,
  "scale": 1.0180905392335002
}