{
  "source_file": "0995_source.png",
  "tx": -7.7857388715047104,
  "ty": -7.300035872394856,
  "theta_deg": -7.640478108778197,
  "scale": 0.9861811898058666
}