{
  "source_file": "0996_source.png",
  "tx": 5.7677622537723785,
  "ty": 8.352591151835146,
  "theta_deg": -8.92048372884589,
  "scale": 0.9908678839291092
}