{
  "source_file": "0997_source.png",
  "tx": 8.834290205416167,
  "ty": 5.98279377256487,
  "theta_deg": -4.4037343758766685,
  "scale": 1.0397405028395985
}