{
  "source_file": "0998_source.png",
  "tx": -7.243509368688496,
  "ty": -3.2908971279110144,
  "theta_deg": -5.910537976664328,
  "scale": 0.9924172329509454
}