{
  "source_file": "0999_source.png",
  "tx": 0.6781142445107573,
  "ty": -8.540819263195347,
  "theta_deg": -6.480540687242877,
  "scale": 1.0118479708085613
}